id,name,aliases,equipment,category,laterality,loading,setup,primary_muscle,credited_muscles,fractional_allocations,rationale,confidence,allocation_confidence,source_ids,limitations
source-5,Bench Press,Flat barbell bench press | Flat bench | BB bench press,Barbell,Horizontal press,bilateral,external,Flat barbell bench press; moderate elbow flare.,Chest (pec major),Chest (pec major) | Anterior Delts | Triceps,Chest (pec major)=1 | Anterior Delts=0.5 | Triceps=0.25,Preserved source calibration. Loaded shoulder horizontal adduction/flexion gives chest full credit; anterior deltoid assists and elbow extension earns conservative triceps credit calibrated to the source press. See legacy-review.md for conflicts between this rationale and retained credits.,medium,Chest (pec major)=medium | Anterior Delts=medium | Triceps=medium,pandr-sheet | anatomy-upper | press,Original numerical values and ambiguous names are retained for saved-plan compatibility; this is not an independent endorsement of every allocation.
source-6,Incline Dumbbell Press,Incline DB press,Dumbbell,Incline press,bilateral,external,"Low-incline dumbbell bench press, roughly 15–30 degrees.",Chest (pec major),Chest (pec major) | Anterior Delts | Triceps,Chest (pec major)=1 | Anterior Delts=0.5 | Triceps=0.25,"Preserved source calibration. Low-incline pressing retains chest as the target with shoulder-flexor and elbow-extensor assistance. Bench angle distinguishes loading, not a new muscle group. See legacy-review.md for conflicts between this rationale and retained credits.",medium,Chest (pec major)=medium | Anterior Delts=medium | Triceps=medium,pandr-sheet | anatomy-upper | incline,Original numerical values and ambiguous names are retained for saved-plan compatibility; this is not an independent endorsement of every allocation.
source-7,Machine Chest Flyes,Pec deck | Machine chest fly,Machine,Shoulder horizontal adduction,bilateral,external,Seated supported fly machine; arms follow horizontal adduction.,Chest (pec major),Chest (pec major),Chest (pec major)=1,Preserved source calibration. Horizontal adduction against resistance directly loads the pectorals; nearly fixed elbows do not justify triceps credit. See legacy-review.md for conflicts between this rationale and retained credits.,medium,Chest (pec major)=medium,pandr-sheet | anatomy-upper,Original numerical values and ambiguous names are retained for saved-plan compatibility; this is not an independent endorsement of every allocation.
source-8,"Close-Grip Chinups (Assisted, BW, or Weighted)",Close-grip chin-up | Chinup | Weighted chin-up | Assisted chin-up,Bodyweight,Vertical pull,bilateral,bodyweight/weighted/assisted,"Close supinated grip; bodyweight, external load or counterweight assistance retain same movement ID.",Lats / teres major,Rear Delts | Biceps (Brachii) | Lats / teres major | Mid / Low Traps & Rhomboids,Rear Delts=0.25 | Biceps (Brachii)=0.5 | Lats / teres major=1 | Mid / Low Traps & Rhomboids=0.25,Preserved source calibration. Shoulder adduction/extension loads lats; elbow flexors contribute substantially and scapular movement supports modest grouped-back credit. See legacy-review.md for conflicts between this rationale and retained credits.,medium,Rear Delts=medium | Biceps (Brachii)=medium | Lats / teres major=medium | Mid / Low Traps & Rhomboids=medium,pandr-sheet | anatomy-upper | pull,Original numerical values and ambiguous names are retained for saved-plan compatibility; this is not an independent endorsement of every allocation.
source-9,Preacher Curls (Machine),Machine preacher curl,Machine,Supinated elbow flexion,bilateral,external,"Upper arms supported on machine preacher pad, supinated handles.",Biceps (Brachii),Biceps (Brachii) | Brachialis | Brachioradial.,Biceps (Brachii)=1 | Brachialis=0.5 | Brachioradial.=0.25,"Preserved source calibration. Supinated elbow flexion directly targets biceps; brachialis remains an elbow flexor and brachioradialis earns minor supporting credit, calibrated to source curls. See legacy-review.md for conflicts between this rationale and retained credits.",medium,Biceps (Brachii)=medium | Brachialis=medium | Brachioradial.=medium,pandr-sheet | anatomy-upper | elbow,Original numerical values and ambiguous names are retained for saved-plan compatibility; this is not an independent endorsement of every allocation.
source-10,Hammer Curls,Dumbbell hammer curl | DB hammer curl,Dumbbell,Neutral-grip elbow flexion,bilateral,external,"Dumbbells, neutral palms, upper arms near sides.",Brachialis,Biceps (Brachii) | Brachialis | Brachioradial.,Biceps (Brachii)=0.5 | Brachialis=1 | Brachioradial.=0.5,Preserved source calibration. Neutral forearm position preserves all three elbow flexors; the source hammer-curl convention designates brachialis primary. Exact partition is not experimentally established. See legacy-review.md for conflicts between this rationale and retained credits.,medium,Biceps (Brachii)=medium | Brachialis=medium | Brachioradial.=medium,pandr-sheet | anatomy-upper | elbow,Original numerical values and ambiguous names are retained for saved-plan compatibility; this is not an independent endorsement of every allocation.
source-11,Lateral Raise,Standing dumbbell lateral raise | Dumbbell side raise | DB lateral raise,Dumbbell,Shoulder abduction,bilateral,external,"Standing dumbbells, raise arms to shoulder height without torso swing.",Lateral Delts,Lateral Delts,Lateral Delts=1,Preserved source calibration. Loaded humeral abduction directly trains lateral deltoid; scapular rotation and grip are not automatically counted. See legacy-review.md for conflicts between this rationale and retained credits.,high,Lateral Delts=high,pandr-sheet | anatomy-upper | lateral,Original numerical values and ambiguous names are retained for saved-plan compatibility; this is not an independent endorsement of every allocation.
source-13,Single-Arm Bent-Over Dumbbell Row,One-arm dumbbell row | DB bench row,Dumbbell,Horizontal pull — tucked elbows,unilateral,external,"One hand braced, hip hinge, elbow toward hip.",Lats / teres major,Rear Delts | Biceps (Brachii) | Lats / teres major | Mid / Low Traps & Rhomboids,Rear Delts=0.5 | Biceps (Brachii)=0.5 | Lats / teres major=1 | Mid / Low Traps & Rhomboids=0.5,"Preserved source calibration. Tucked-elbow shoulder extension emphasizes lats; scapular retraction, elbow flexion and posterior shoulder assistance earn bounded supporting credits. See legacy-review.md for conflicts between this rationale and retained credits.",medium,Rear Delts=medium | Biceps (Brachii)=medium | Lats / teres major=medium | Mid / Low Traps & Rhomboids=medium,pandr-sheet | anatomy-upper | pull,Original numerical values and ambiguous names are retained for saved-plan compatibility; this is not an independent endorsement of every allocation. Sets are per side: one prescribed set means one set on each side; do not double bilateral group volume.
source-14,Lat Pulldown (Standard Bar),Overhand lat pulldown | Wide-grip lat pulldown,Cable,Vertical pull,bilateral,external,"Pronated standard bar, pull in front to upper chest.",Lats / teres major,Rear Delts | Biceps (Brachii) | Lats / teres major | Mid / Low Traps & Rhomboids,Rear Delts=0.25 | Biceps (Brachii)=0.5 | Lats / teres major=1 | Mid / Low Traps & Rhomboids=0.25,Preserved source calibration. Shoulder adduction/extension loads lats; elbow flexors contribute substantially and scapular movement supports modest grouped-back credit. See legacy-review.md for conflicts between this rationale and retained credits.,medium,Rear Delts=medium | Biceps (Brachii)=medium | Lats / teres major=medium | Mid / Low Traps & Rhomboids=medium,pandr-sheet | anatomy-upper | pull,Original numerical values and ambiguous names are retained for saved-plan compatibility; this is not an independent endorsement of every allocation.
source-15,Lat Pullovers (Cable; any attachment),Straight-arm cable pulldown | Cable lat pullover,Cable,Shoulder extension — nearly fixed elbow,bilateral,external,"High cable, nearly fixed soft elbows, pull arms to sides.",Lats / teres major,Lats / teres major,Lats / teres major=1,Preserved source calibration. Loaded shoulder extension targets lats/teres major while elbow angle stays nearly fixed; no automatic elbow-flexor or triceps credit. See legacy-review.md for conflicts between this rationale and retained credits.,medium,Lats / teres major=medium,pandr-sheet | anatomy-upper,Original numerical values and ambiguous names are retained for saved-plan compatibility; this is not an independent endorsement of every allocation.
source-16,Ez-Bar Tricep Overhead Extension,EZ-bar overhead triceps extension | EZ-bar French press,Barbell,Elbow extension,bilateral,external,"EZ-bar overhead, upper arms elevated while elbows bend.",Triceps,Triceps,Triceps=1,Preserved source calibration. Loaded elbow extension directly trains triceps; shoulder position changes head-specific loading but does not justify extra whole-muscle set credit. See legacy-review.md for conflicts between this rationale and retained credits.,medium,Triceps=medium,pandr-sheet | anatomy-upper | triceps,Original numerical values and ambiguous names are retained for saved-plan compatibility; this is not an independent endorsement of every allocation.
source-17,Tricep Cable Pushdown (preferred attachment),Triceps pressdown | Rope pushdown | Cable push-down,Cable,Elbow extension,bilateral,external,"High pulley, upper arms at sides; attachment choice alone does not create another movement.",Triceps,Triceps,Triceps=1,Preserved source calibration. Loaded elbow extension directly trains triceps; shoulder position changes head-specific loading but does not justify extra whole-muscle set credit. See legacy-review.md for conflicts between this rationale and retained credits.,medium,Triceps=medium,pandr-sheet | anatomy-upper | triceps,Original numerical values and ambiguous names are retained for saved-plan compatibility; this is not an independent endorsement of every allocation.
source-18,Tricep Cable Overhead Extension (preferred attachment),Overhead cable triceps extension | Rope overhead extension,Cable,Elbow extension,bilateral,external,"Cable behind torso, upper arms overhead; fixed upper-arm angle.",Triceps,Triceps,Triceps=1,Preserved source calibration. Loaded elbow extension directly trains triceps; shoulder position changes head-specific loading but does not justify extra whole-muscle set credit. See legacy-review.md for conflicts between this rationale and retained credits.,high,Triceps=high,pandr-sheet | anatomy-upper | triceps,Original numerical values and ambiguous names are retained for saved-plan compatibility; this is not an independent endorsement of every allocation.
source-20,Seated Hamstring Curls,Seated leg curl,Machine,Knee flexion,bilateral,external,"Seated machine, hips flexed and thigh pad secure.",Hamstrings,Hamstrings,Hamstrings=1,Preserved source calibration. Resisted knee flexion directly trains hamstrings. Joint position affects regional loading; no unmeasured calf or adductor allocation is added. See legacy-review.md for conflicts between this rationale and retained credits.,high,Hamstrings=high,pandr-sheet | anatomy-lower | ham-curl,Original numerical values and ambiguous names are retained for saved-plan compatibility; this is not an independent endorsement of every allocation.
source-21,RDL (Barbell or Dumbell),Romanian deadlift | Barbell RDL | Dumbbell RDL | Dumbbell Romanian deadlift | Barbell Romanian deadlift,Barbell,Hip hinge,bilateral,external,"Source explicitly includes barbell or dumbbells; soft knees, neutral-spine hip hinge.",Hamstrings,Hamstrings | Glute max | Adductors | Erector Spinae,Hamstrings=1 | Glute max=0.5 | Adductors=0.25 | Erector Spinae=0.5,Preserved source calibration. Hip extension with slightly flexed knees lengthens and loads biarticular hamstrings; glute max and adductor magnus assist. Erector bracing is deliberately not counted. See legacy-review.md for conflicts between this rationale and retained credits.,low,Hamstrings=low | Glute max=low | Adductors=low | Erector Spinae=low,pandr-sheet | anatomy-lower | ham-curl | lumbar,Original numerical values and ambiguous names are retained for saved-plan compatibility; this is not an independent endorsement of every allocation.
source-22,Leg Press,45-degree sled leg press | Sled leg press,Machine,Squat / knee-dominant press,bilateral,external,"Legacy generic leg press; use supported 45-degree sled, moderate foot height, controlled depth for calibration.",Quads,Quads | Hamstrings | Glute max | Adductors,Quads=1 | Hamstrings=0.5 | Glute max=0.5 | Adductors=0.25,Preserved source calibration. Knee extension earns full quad credit; meaningful hip extension earns glute and adductor assistance. Hamstrings and spinal bracing are not automatically credited. See legacy-review.md for conflicts between this rationale and retained credits.,low,Quads=low | Hamstrings=low | Glute max=low | Adductors=low,pandr-sheet | anatomy-lower | squat | hip-thrust,Original numerical values and ambiguous names are retained for saved-plan compatibility; this is not an independent endorsement of every allocation.
source-23,Dumbbell Heel-Elevated Squat,Heels-elevated goblet squat | Cyclist goblet squat,Dumbbell,Squat / knee-dominant press,bilateral,external,"Dumbbell held near chest, stable heel wedge, upright torso.",Quads,Quads | Glute max,Quads=1 | Glute max=0.25,Preserved source calibration. Knee extension earns full quad credit; meaningful hip extension earns glute and adductor assistance. Hamstrings and spinal bracing are not automatically credited. See legacy-review.md for conflicts between this rationale and retained credits.,medium,Quads=medium | Glute max=medium,pandr-sheet | anatomy-lower | squat | hip-thrust,Original numerical values and ambiguous names are retained for saved-plan compatibility; this is not an independent endorsement of every allocation.
source-24,Leg Extension,Machine leg extension | Seated knee extension,Machine,Knee extension,bilateral,external,"Seated machine, knee aligned with pivot; bilateral knee extension.",Quads,Quads,Quads=1,Preserved source calibration. Resisted knee extension directly trains quadriceps; pelvic and ankle stabilization are not credited. See legacy-review.md for conflicts between this rationale and retained credits.,high,Quads=high,pandr-sheet | anatomy-lower,Original numerical values and ambiguous names are retained for saved-plan compatibility; this is not an independent endorsement of every allocation.
source-25,Standing Calf Raise (Machine),Standing machine calf raise,Machine,Straight-knee plantarflexion,bilateral,external,"Standing calf machine, near-straight knee and full controlled ankle ROM.",Gastroc.,Gastroc. | Soleus,Gastroc.=1 | Soleus=0.5,"Preserved source calibration. Plantarflexion with near-extended knee loads gastrocnemius and soleus; source-calibrated soleus half credit is conservative, not a proven ratio. See legacy-review.md for conflicts between this rationale and retained credits.",medium,Gastroc.=medium | Soleus=medium,pandr-sheet | anatomy-lower | calf,Original numerical values and ambiguous names are retained for saved-plan compatibility; this is not an independent endorsement of every allocation.
source-30,Wide-Grip Seated Cable Rows,Wide seated cable row,Cable,Horizontal pull — flared elbows,bilateral,external,Seated wide cable handle; elbow path materially affects lat/retractor emphasis.,Lats / teres major,Rear Delts | Biceps (Brachii) | Lats / teres major | Mid / Low Traps & Rhomboids,Rear Delts=0.5 | Biceps (Brachii)=0.5 | Lats / teres major=1 | Mid / Low Traps & Rhomboids=0.5,Preserved source calibration. Flared elbows and deliberate scapular retraction emphasize upper-back retractors; posterior shoulder and elbow flexors assist. Lats receive only minor credit in this path. See legacy-review.md for conflicts between this rationale and retained credits.,low,Rear Delts=low | Biceps (Brachii)=low | Lats / teres major=low | Mid / Low Traps & Rhomboids=low,pandr-sheet | anatomy-upper,Original numerical values and ambiguous names are retained for saved-plan compatibility; this is not an independent endorsement of every allocation.
source-34,Incline/Elevated Pushups,Hands-elevated push-up | Incline push-up | Elevated press-up,Bodyweight,Horizontal press,bilateral,bodyweight/weighted/assisted,"Hands on elevated stable surface, feet on floor; source means hands-elevated.",Chest (pec major),Chest (pec major) | Anterior Delts | Triceps,Chest (pec major)=1 | Anterior Delts=0.5 | Triceps=0.25,Preserved source calibration. Loaded shoulder horizontal adduction/flexion gives chest full credit; anterior deltoid assists and elbow extension earns conservative triceps credit calibrated to the source press. See legacy-review.md for conflicts between this rationale and retained credits.,medium,Chest (pec major)=medium | Anterior Delts=medium | Triceps=medium,pandr-sheet | anatomy-upper | press,Original numerical values and ambiguous names are retained for saved-plan compatibility; this is not an independent endorsement of every allocation.
source-35,Incline Curls,Incline dumbbell curl | Incline DB curl,Dumbbell,Supinated elbow flexion,bilateral,external,"Reclined dumbbell curl, supinated forearm, arm behind trunk line.",Biceps (Brachii),Biceps (Brachii) | Brachialis | Brachioradial.,Biceps (Brachii)=1 | Brachialis=0.5 | Brachioradial.=0.25,"Preserved source calibration. Supinated elbow flexion directly targets biceps; brachialis remains an elbow flexor and brachioradialis earns minor supporting credit, calibrated to source curls. See legacy-review.md for conflicts between this rationale and retained credits.",medium,Biceps (Brachii)=medium | Brachialis=medium | Brachioradial.=medium,pandr-sheet | anatomy-upper | elbow,Original numerical values and ambiguous names are retained for saved-plan compatibility; this is not an independent endorsement of every allocation.
source-39,Lying Hamstring Curls,Prone leg curl | Lying leg curl,Machine,Knee flexion,bilateral,external,"Prone machine, hips supported while knees flex.",Hamstrings,Hamstrings,Hamstrings=1,Preserved source calibration. Resisted knee flexion directly trains hamstrings. Joint position affects regional loading; no unmeasured calf or adductor allocation is added. See legacy-review.md for conflicts between this rationale and retained credits.,high,Hamstrings=high,pandr-sheet | anatomy-lower | ham-curl,Original numerical values and ambiguous names are retained for saved-plan compatibility; this is not an independent endorsement of every allocation.
source-40,45° Hip Extension,45-degree back extension | Roman-chair hip extension,Other,Hip hinge,bilateral,bodyweight/weighted/assisted,"45-degree Roman chair, hinge hips; source does not specify spinal motion.",Hamstrings,Hamstrings | Glute max | Adductors | Erector Spinae,Hamstrings=0.5 | Glute max=0.5 | Adductors=0.25 | Erector Spinae=0.5,Preserved source calibration. Hip extension with slightly flexed knees lengthens and loads biarticular hamstrings; glute max and adductor magnus assist. Erector bracing is deliberately not counted. See legacy-review.md for conflicts between this rationale and retained credits.,low,Hamstrings=low | Glute max=low | Adductors=low | Erector Spinae=low,pandr-sheet | anatomy-lower | ham-curl | lumbar,Original numerical values and ambiguous names are retained for saved-plan compatibility; this is not an independent endorsement of every allocation.
source-41,Hack Squat,Hack squat machine | Sled hack squat,Machine,Squat / knee-dominant press,bilateral,external,"Back-supported inclined sled squat, controlled hip/knee flexion.",Quads,Quads | Hamstrings | Glute max | Adductors,Quads=1 | Hamstrings=0.5 | Glute max=0.5 | Adductors=0.25,Preserved source calibration. Knee extension earns full quad credit; meaningful hip extension earns glute and adductor assistance. Hamstrings and spinal bracing are not automatically credited. See legacy-review.md for conflicts between this rationale and retained credits.,low,Quads=low | Hamstrings=low | Glute max=low | Adductors=low,pandr-sheet | anatomy-lower | squat | hip-thrust,Original numerical values and ambiguous names are retained for saved-plan compatibility; this is not an independent endorsement of every allocation.
source-43,Lunges,Forward lunge,Other,Unilateral squat / lunge,unilateral,external,Generic source lunge; assume moderate forward step. Direction/load unspecified.,Quads,Quads | Hamstrings | Glute max | Glute med/min | Adductors,Quads=1 | Hamstrings=0.5 | Glute max=1 | Glute med/min=0.5 | Adductors=0.25,Preserved source calibration. Working-leg knee and hip extension load quads with glute/adductor assistance. Balance demand does not automatically earn glute med/min credit. See legacy-review.md for conflicts between this rationale and retained credits.,low,Quads=low | Hamstrings=low | Glute max=low | Glute med/min=low | Adductors=low,pandr-sheet | anatomy-lower | squat,Original numerical values and ambiguous names are retained for saved-plan compatibility; this is not an independent endorsement of every allocation. Sets are per side: one prescribed set means one set on each side; do not double bilateral group volume.
p5-dumbbell-flat-bench-press,Dumbbell Flat Bench Press,Flat DB press | DB Flat Bench Press,Dumbbell,Horizontal press,bilateral,external,"Flat bench, moderate elbow flare, lower to a comfortable chest stretch.",Chest (pec major),Chest (pec major) | Anterior Delts | Triceps,Chest (pec major)=1 | Anterior Delts=0.5 | Triceps=0.25,Loaded shoulder horizontal adduction/flexion gives chest full credit; anterior deltoid assists and elbow extension earns conservative triceps credit calibrated to the source press.,medium,Chest (pec major)=medium | Anterior Delts=medium | Triceps=medium,anatomy-upper | press,"Direct evidence for this exact setup is limited. Fractions are conservative bookkeeping estimates, not measured hypertrophy equivalence."
p5-dumbbell-floor-press,Dumbbell Floor Press,DB Floor Press,Dumbbell,Horizontal press,bilateral,external,"Lie on floor; upper arms stop at floor, limiting shoulder extension.",Chest (pec major),Chest (pec major) | Anterior Delts | Triceps,Chest (pec major)=1 | Anterior Delts=0.5 | Triceps=0.25,Loaded shoulder horizontal adduction/flexion gives chest full credit; anterior deltoid assists and elbow extension earns conservative triceps credit calibrated to the source press.,medium,Chest (pec major)=medium | Anterior Delts=medium | Triceps=medium,anatomy-upper | press,"Direct evidence for this exact setup is limited. Fractions are conservative bookkeeping estimates, not measured hypertrophy equivalence."
p5-single-arm-dumbbell-bench-press,Single-Arm Dumbbell Bench Press,Single-Arm DB Bench Press,Dumbbell,Horizontal press,unilateral,external,"Flat bench, one arm presses while torso stays level.",Chest (pec major),Chest (pec major) | Anterior Delts | Triceps,Chest (pec major)=1 | Anterior Delts=0.5 | Triceps=0.25,Loaded shoulder horizontal adduction/flexion gives chest full credit; anterior deltoid assists and elbow extension earns conservative triceps credit calibrated to the source press.,medium,Chest (pec major)=medium | Anterior Delts=medium | Triceps=medium,anatomy-upper | press,"Direct evidence for this exact setup is limited. Fractions are conservative bookkeeping estimates, not measured hypertrophy equivalence. Sets are per side: one prescribed set means one set on each side; do not double bilateral group volume."
p5-barbell-decline-bench-press,Barbell Decline Bench Press,BB Decline Bench Press,Barbell,Horizontal press,bilateral,external,Modest decline bench with secured legs; bar descends to lower chest.,Chest (pec major),Chest (pec major) | Anterior Delts | Triceps,Chest (pec major)=1 | Anterior Delts=0.5 | Triceps=0.25,Loaded shoulder horizontal adduction/flexion gives chest full credit; anterior deltoid assists and elbow extension earns conservative triceps credit calibrated to the source press.,medium,Chest (pec major)=medium | Anterior Delts=medium | Triceps=medium,anatomy-upper | press,"Direct evidence for this exact setup is limited. Fractions are conservative bookkeeping estimates, not measured hypertrophy equivalence."
p5-barbell-floor-press,Barbell Floor Press,BB Floor Press,Barbell,Horizontal press,bilateral,external,Upper arms stop on floor; reset without bouncing.,Chest (pec major),Chest (pec major) | Anterior Delts | Triceps,Chest (pec major)=1 | Anterior Delts=0.5 | Triceps=0.25,Loaded shoulder horizontal adduction/flexion gives chest full credit; anterior deltoid assists and elbow extension earns conservative triceps credit calibrated to the source press.,medium,Chest (pec major)=medium | Anterior Delts=medium | Triceps=medium,anatomy-upper | press,"Direct evidence for this exact setup is limited. Fractions are conservative bookkeeping estimates, not measured hypertrophy equivalence."
p5-barbell-incline-bench-press,Barbell Incline Bench Press,Incline barbell press | BB Incline Bench Press,Barbell,Incline press,bilateral,external,Bench approximately 15–30 degrees; controlled descent to upper chest.,Chest (pec major),Chest (pec major) | Anterior Delts | Triceps,Chest (pec major)=1 | Anterior Delts=0.5 | Triceps=0.25,"Low-incline pressing retains chest as the target with shoulder-flexor and elbow-extensor assistance. Bench angle distinguishes loading, not a new muscle group.",medium,Chest (pec major)=medium | Anterior Delts=medium | Triceps=medium,anatomy-upper | incline,"Direct evidence for this exact setup is limited. Fractions are conservative bookkeeping estimates, not measured hypertrophy equivalence."
p5-smith-flat-bench-press,Smith Flat Bench Press,,Smith machine,Horizontal press,bilateral,external,Flat bench positioned so fixed bar path meets mid chest.,Chest (pec major),Chest (pec major) | Anterior Delts | Triceps,Chest (pec major)=1 | Anterior Delts=0.5 | Triceps=0.25,Loaded shoulder horizontal adduction/flexion gives chest full credit; anterior deltoid assists and elbow extension earns conservative triceps credit calibrated to the source press.,medium,Chest (pec major)=medium | Anterior Delts=medium | Triceps=medium,anatomy-upper | press,"Direct evidence for this exact setup is limited. Fractions are conservative bookkeeping estimates, not measured hypertrophy equivalence. Machine lever arms, cable routing, cams and seat settings vary; match the described joint path rather than a product label."
p5-smith-decline-bench-press,Smith Decline Bench Press,,Smith machine,Horizontal press,bilateral,external,Decline bench secured under fixed bar path.,Chest (pec major),Chest (pec major) | Anterior Delts | Triceps,Chest (pec major)=1 | Anterior Delts=0.5 | Triceps=0.25,Loaded shoulder horizontal adduction/flexion gives chest full credit; anterior deltoid assists and elbow extension earns conservative triceps credit calibrated to the source press.,medium,Chest (pec major)=medium | Anterior Delts=medium | Triceps=medium,anatomy-upper | press,"Direct evidence for this exact setup is limited. Fractions are conservative bookkeeping estimates, not measured hypertrophy equivalence. Machine lever arms, cable routing, cams and seat settings vary; match the described joint path rather than a product label."
p5-smith-incline-bench-press,Smith Incline Bench Press,,Smith machine,Incline press,bilateral,external,Low incline 15–30 degrees; bench aligned with fixed path.,Chest (pec major),Chest (pec major) | Anterior Delts | Triceps,Chest (pec major)=1 | Anterior Delts=0.5 | Triceps=0.25,"Low-incline pressing retains chest as the target with shoulder-flexor and elbow-extensor assistance. Bench angle distinguishes loading, not a new muscle group.",medium,Chest (pec major)=medium | Anterior Delts=medium | Triceps=medium,anatomy-upper | incline,"Direct evidence for this exact setup is limited. Fractions are conservative bookkeeping estimates, not measured hypertrophy equivalence. Machine lever arms, cable routing, cams and seat settings vary; match the described joint path rather than a product label."
p5-seated-fixed-path-chest-press,Seated Fixed-Path Chest Press,Chest press machine,Selectorized machine,Horizontal press,bilateral,external,Back supported; linked handles follow a roughly horizontal press path.,Chest (pec major),Chest (pec major) | Anterior Delts | Triceps,Chest (pec major)=1 | Anterior Delts=0.5 | Triceps=0.25,Loaded shoulder horizontal adduction/flexion gives chest full credit; anterior deltoid assists and elbow extension earns conservative triceps credit calibrated to the source press.,medium,Chest (pec major)=medium | Anterior Delts=medium | Triceps=medium,anatomy-upper | press,"Direct evidence for this exact setup is limited. Fractions are conservative bookkeeping estimates, not measured hypertrophy equivalence."
p5-converging-chest-press,Converging Chest Press,Iso-lateral chest press,Plate-loaded machine,Horizontal press,bilateral,external,Independent lever arms converge toward midline; flat pressing angle.,Chest (pec major),Chest (pec major) | Anterior Delts | Triceps,Chest (pec major)=1 | Anterior Delts=0.5 | Triceps=0.25,Loaded shoulder horizontal adduction/flexion gives chest full credit; anterior deltoid assists and elbow extension earns conservative triceps credit calibrated to the source press.,medium,Chest (pec major)=medium | Anterior Delts=medium | Triceps=medium,anatomy-upper | press,"Direct evidence for this exact setup is limited. Fractions are conservative bookkeeping estimates, not measured hypertrophy equivalence."
p5-incline-converging-chest-press,Incline Converging Chest Press,,Plate-loaded machine,Incline press,bilateral,external,Independent handles converge along an upward press path; seat sets low-incline angle.,Chest (pec major),Chest (pec major) | Anterior Delts | Triceps,Chest (pec major)=1 | Anterior Delts=0.5 | Triceps=0.25,"Low-incline pressing retains chest as the target with shoulder-flexor and elbow-extensor assistance. Bench angle distinguishes loading, not a new muscle group.",medium,Chest (pec major)=medium | Anterior Delts=medium | Triceps=medium,anatomy-upper | incline,"Direct evidence for this exact setup is limited. Fractions are conservative bookkeeping estimates, not measured hypertrophy equivalence."
p5-standing-cable-chest-press,Standing Cable Chest Press,,Cable,Horizontal press,bilateral,external,"Split stance, handles at chest height; resist torso sway.",Chest (pec major),Chest (pec major) | Anterior Delts | Triceps,Chest (pec major)=1 | Anterior Delts=0.5 | Triceps=0.25,Loaded shoulder horizontal adduction/flexion gives chest full credit; anterior deltoid assists and elbow extension earns conservative triceps credit calibrated to the source press.,medium,Chest (pec major)=medium | Anterior Delts=medium | Triceps=medium,anatomy-upper | press,"Direct evidence for this exact setup is limited. Fractions are conservative bookkeeping estimates, not measured hypertrophy equivalence."
p5-supine-cable-bench-press,Supine Cable Bench Press,,Cable,Horizontal press,bilateral,external,Flat bench between low pulleys; cables provide outward resistance throughout press.,Chest (pec major),Chest (pec major) | Anterior Delts | Triceps,Chest (pec major)=1 | Anterior Delts=0.5 | Triceps=0.25,Loaded shoulder horizontal adduction/flexion gives chest full credit; anterior deltoid assists and elbow extension earns conservative triceps credit calibrated to the source press.,medium,Chest (pec major)=medium | Anterior Delts=medium | Triceps=medium,anatomy-upper | press,"Direct evidence for this exact setup is limited. Fractions are conservative bookkeeping estimates, not measured hypertrophy equivalence."
p5-band-chest-press,Band Chest Press,,Resistance band,Horizontal press,bilateral,external,Anchor behind at chest height; step forward to maintain tension through ROM.,Chest (pec major),Chest (pec major) | Anterior Delts | Triceps,Chest (pec major)=1 | Anterior Delts=0.5 | Triceps=0.25,Loaded shoulder horizontal adduction/flexion gives chest full credit; anterior deltoid assists and elbow extension earns conservative triceps credit calibrated to the source press.,medium,Chest (pec major)=medium | Anterior Delts=medium | Triceps=medium,anatomy-upper | press,"Direct evidence for this exact setup is limited. Fractions are conservative bookkeeping estimates, not measured hypertrophy equivalence."
p5-swiss-bar-bench-press,Swiss-Bar Bench Press,Football-bar bench press,Specialty bar,Horizontal press,bilateral,external,Flat bench with multi-grip neutral handles; elbows moderately tucked.,Chest (pec major),Chest (pec major) | Anterior Delts | Triceps,Chest (pec major)=1 | Anterior Delts=0.5 | Triceps=0.25,Loaded shoulder horizontal adduction/flexion gives chest full credit; anterior deltoid assists and elbow extension earns conservative triceps credit calibrated to the source press.,medium,Chest (pec major)=medium | Anterior Delts=medium | Triceps=medium,anatomy-upper | press,"Direct evidence for this exact setup is limited. Fractions are conservative bookkeeping estimates, not measured hypertrophy equivalence."
p5-cambered-bar-bench-press,Cambered-Bar Bench Press,Buffalo-style cambered bench press,Specialty bar,Horizontal press,bilateral,external,Camber permits deeper shoulder extension; use only controlled comfortable depth.,Chest (pec major),Chest (pec major) | Anterior Delts | Triceps,Chest (pec major)=1 | Anterior Delts=0.5 | Triceps=0.25,Loaded shoulder horizontal adduction/flexion gives chest full credit; anterior deltoid assists and elbow extension earns conservative triceps credit calibrated to the source press.,medium,Chest (pec major)=medium | Anterior Delts=medium | Triceps=medium,anatomy-upper | press,"Direct evidence for this exact setup is limited. Fractions are conservative bookkeeping estimates, not measured hypertrophy equivalence."
p5-dumbbell-flat-fly,Dumbbell Flat Fly,Dumbbell flyes | DB Flat Fly,Dumbbell,Shoulder horizontal adduction,bilateral,external,"Flat bench, fixed slight elbow bend; bring upper arms together.",Chest (pec major),Chest (pec major),Chest (pec major)=1,Horizontal adduction against resistance directly loads the pectorals; nearly fixed elbows do not justify triceps credit.,medium,Chest (pec major)=medium,anatomy-upper,"Direct evidence for this exact setup is limited. Fractions are conservative bookkeeping estimates, not measured hypertrophy equivalence."
p5-dumbbell-incline-fly,Dumbbell Incline Fly,DB Incline Fly,Dumbbell,Shoulder horizontal adduction,bilateral,external,"Low incline bench, fixed elbow bend; avoid turning into a press.",Chest (pec major),Chest (pec major),Chest (pec major)=1,Horizontal adduction against resistance directly loads the pectorals; nearly fixed elbows do not justify triceps credit.,medium,Chest (pec major)=medium,anatomy-upper,"Direct evidence for this exact setup is limited. Fractions are conservative bookkeeping estimates, not measured hypertrophy equivalence."
p5-standing-mid-height-cable-fly,Standing Mid-Height Cable Fly,Cable crossover,Cable,Shoulder horizontal adduction,bilateral,external,Pulleys near shoulder height; arc hands inward without elbow extension.,Chest (pec major),Chest (pec major),Chest (pec major)=1,Horizontal adduction against resistance directly loads the pectorals; nearly fixed elbows do not justify triceps credit.,medium,Chest (pec major)=medium,anatomy-upper,"Direct evidence for this exact setup is limited. Fractions are conservative bookkeeping estimates, not measured hypertrophy equivalence."
p5-high-to-low-cable-fly,High-to-Low Cable Fly,Decline cable fly,Cable,Shoulder horizontal adduction,bilateral,external,Pulleys above shoulders; adduct upper arms downward across torso.,Chest (pec major),Chest (pec major),Chest (pec major)=1,Horizontal adduction against resistance directly loads the pectorals; nearly fixed elbows do not justify triceps credit.,medium,Chest (pec major)=medium,anatomy-upper,"Direct evidence for this exact setup is limited. Fractions are conservative bookkeeping estimates, not measured hypertrophy equivalence."
p5-low-to-high-cable-fly,Low-to-High Cable Fly,Incline cable fly,Cable,Shoulder horizontal adduction,bilateral,external,Low pulleys; adduct arms upward to upper-chest height.,Chest (pec major),Chest (pec major),Chest (pec major)=1,Horizontal adduction against resistance directly loads the pectorals; nearly fixed elbows do not justify triceps credit.,medium,Chest (pec major)=medium,anatomy-upper,"Direct evidence for this exact setup is limited. Fractions are conservative bookkeeping estimates, not measured hypertrophy equivalence."
p5-supine-cable-fly,Supine Cable Fly,,Cable,Shoulder horizontal adduction,bilateral,external,Flat bench between low pulleys; maintain small fixed elbow bend.,Chest (pec major),Chest (pec major),Chest (pec major)=1,Horizontal adduction against resistance directly loads the pectorals; nearly fixed elbows do not justify triceps credit.,medium,Chest (pec major)=medium,anatomy-upper,"Direct evidence for this exact setup is limited. Fractions are conservative bookkeeping estimates, not measured hypertrophy equivalence."
p5-single-arm-cable-fly,Single-Arm Cable Fly,,Cable,Shoulder horizontal adduction,unilateral,external,One pulley near shoulder height; resist trunk rotation.,Chest (pec major),Chest (pec major),Chest (pec major)=1,Horizontal adduction against resistance directly loads the pectorals; nearly fixed elbows do not justify triceps credit.,medium,Chest (pec major)=medium,anatomy-upper,"Direct evidence for this exact setup is limited. Fractions are conservative bookkeeping estimates, not measured hypertrophy equivalence. Sets are per side: one prescribed set means one set on each side; do not double bilateral group volume."
p5-band-chest-fly,Band Chest Fly,,Resistance band,Shoulder horizontal adduction,bilateral,external,Anchor behind shoulder level; bring upper arms together with fixed elbow bend.,Chest (pec major),Chest (pec major),Chest (pec major)=1,Horizontal adduction against resistance directly loads the pectorals; nearly fixed elbows do not justify triceps credit.,medium,Chest (pec major)=medium,anatomy-upper,"Direct evidence for this exact setup is limited. Fractions are conservative bookkeeping estimates, not measured hypertrophy equivalence."
p5-push-up,Push-Up,Press-up | Standard pushup,Bodyweight,Horizontal press,bilateral,bodyweight/weighted/assisted,"Hands near shoulder width, trunk rigid; lower chest between hands.",Chest (pec major),Chest (pec major) | Anterior Delts | Triceps,Chest (pec major)=1 | Anterior Delts=0.5 | Triceps=0.25,Loaded shoulder horizontal adduction/flexion gives chest full credit; anterior deltoid assists and elbow extension earns conservative triceps credit calibrated to the source press.,medium,Chest (pec major)=medium | Anterior Delts=medium | Triceps=medium,anatomy-upper | press,"Direct evidence for this exact setup is limited. Fractions are conservative bookkeeping estimates, not measured hypertrophy equivalence. Added weight or counterweight assistance uses the same ID when joint path/ROM is unchanged; record load type in the plan."
p5-feet-elevated-push-up,Feet-Elevated Push-Up,Decline pushup,Bodyweight,Horizontal press,bilateral,bodyweight/weighted/assisted,Feet on stable support; hands on floor; retain full controlled chest ROM.,Chest (pec major),Chest (pec major) | Anterior Delts | Triceps,Chest (pec major)=1 | Anterior Delts=0.5 | Triceps=0.25,Loaded shoulder horizontal adduction/flexion gives chest full credit; anterior deltoid assists and elbow extension earns conservative triceps credit calibrated to the source press.,medium,Chest (pec major)=medium | Anterior Delts=medium | Triceps=medium,anatomy-upper | press,"Direct evidence for this exact setup is limited. Fractions are conservative bookkeeping estimates, not measured hypertrophy equivalence. Added weight or counterweight assistance uses the same ID when joint path/ROM is unchanged; record load type in the plan."
p5-kneeling-push-up,Kneeling Push-Up,,Bodyweight,Horizontal press,bilateral,bodyweight/weighted/assisted,Knees on floor; straight line from knees to shoulders.,Chest (pec major),Chest (pec major) | Anterior Delts | Triceps,Chest (pec major)=1 | Anterior Delts=0.5 | Triceps=0.25,Loaded shoulder horizontal adduction/flexion gives chest full credit; anterior deltoid assists and elbow extension earns conservative triceps credit calibrated to the source press.,medium,Chest (pec major)=medium | Anterior Delts=medium | Triceps=medium,anatomy-upper | press,"Direct evidence for this exact setup is limited. Fractions are conservative bookkeeping estimates, not measured hypertrophy equivalence. Added weight or counterweight assistance uses the same ID when joint path/ROM is unchanged; record load type in the plan."
p5-deficit-push-up,Deficit Push-Up,,Bodyweight,Horizontal press,bilateral,bodyweight/weighted/assisted,Hands on stable handles or blocks; lower chest below hand level.,Chest (pec major),Chest (pec major) | Anterior Delts | Triceps,Chest (pec major)=1 | Anterior Delts=0.5 | Triceps=0.25,Loaded shoulder horizontal adduction/flexion gives chest full credit; anterior deltoid assists and elbow extension earns conservative triceps credit calibrated to the source press.,medium,Chest (pec major)=medium | Anterior Delts=medium | Triceps=medium,anatomy-upper | press,"Direct evidence for this exact setup is limited. Fractions are conservative bookkeeping estimates, not measured hypertrophy equivalence. Added weight or counterweight assistance uses the same ID when joint path/ROM is unchanged; record load type in the plan."
p5-close-grip-push-up,Close-Grip Push-Up,Diamond pushup,Bodyweight,Horizontal press,bilateral,bodyweight/weighted/assisted,"Hands closer than shoulder width, elbows tucked; chest still moves through meaningful ROM.",Chest (pec major),Chest (pec major) | Anterior Delts | Triceps,Chest (pec major)=1 | Anterior Delts=0.5 | Triceps=0.25,Loaded shoulder horizontal adduction/flexion gives chest full credit; anterior deltoid assists and elbow extension earns conservative triceps credit calibrated to the source press.,medium,Chest (pec major)=medium | Anterior Delts=medium | Triceps=medium,anatomy-upper | press,"Direct evidence for this exact setup is limited. Fractions are conservative bookkeeping estimates, not measured hypertrophy equivalence. Added weight or counterweight assistance uses the same ID when joint path/ROM is unchanged; record load type in the plan."
p5-ring-push-up,Ring Push-Up,Suspension push-up,Bodyweight,Horizontal press,bilateral,bodyweight/weighted/assisted,Suspension rings hang low; control independent hand paths.,Chest (pec major),Chest (pec major) | Anterior Delts | Triceps,Chest (pec major)=1 | Anterior Delts=0.5 | Triceps=0.25,Loaded shoulder horizontal adduction/flexion gives chest full credit; anterior deltoid assists and elbow extension earns conservative triceps credit calibrated to the source press.,medium,Chest (pec major)=medium | Anterior Delts=medium | Triceps=medium,anatomy-upper | press,"Direct evidence for this exact setup is limited. Fractions are conservative bookkeeping estimates, not measured hypertrophy equivalence. Added weight or counterweight assistance uses the same ID when joint path/ROM is unchanged; record load type in the plan."
p5-parallel-bar-dip,Parallel-Bar Dip,Chest dip | Weighted dip | Assisted dip,Bodyweight,Dip,bilateral,bodyweight/weighted/assisted,"Torso leans forward, controlled depth; shoulder extension stays comfortable.",Chest (pec major),Chest (pec major) | Triceps | Anterior Delts,Chest (pec major)=1 | Triceps=0.5 | Anterior Delts=0.25,Forward-leaning dip combines loaded shoulder movement with elbow extension; chest is the designated target and triceps a substantial synergist.,low,Chest (pec major)=low | Triceps=low | Anterior Delts=low,anatomy-upper,"Direct evidence for this exact setup is limited. Fractions are conservative bookkeeping estimates, not measured hypertrophy equivalence. Added weight or counterweight assistance uses the same ID when joint path/ROM is unchanged; record load type in the plan."
p5-ring-dip,Ring Dip,,Bodyweight,Dip,bilateral,bodyweight/weighted/assisted,"Independently moving rings, slight torso lean, controlled shoulder extension.",Chest (pec major),Chest (pec major) | Triceps | Anterior Delts,Chest (pec major)=1 | Triceps=0.5 | Anterior Delts=0.25,Forward-leaning dip combines loaded shoulder movement with elbow extension; chest is the designated target and triceps a substantial synergist.,low,Chest (pec major)=low | Triceps=low | Anterior Delts=low,anatomy-upper,"Direct evidence for this exact setup is limited. Fractions are conservative bookkeeping estimates, not measured hypertrophy equivalence. Added weight or counterweight assistance uses the same ID when joint path/ROM is unchanged; record load type in the plan."
p5-band-assisted-parallel-bar-dip,Band-Assisted Parallel-Bar Dip,,Resistance band,Dip,bilateral,assistance,Band under knees or feet supplies greatest assistance near bottom; controlled forward lean.,Chest (pec major),Chest (pec major) | Triceps | Anterior Delts,Chest (pec major)=1 | Triceps=0.5 | Anterior Delts=0.25,Forward-leaning dip combines loaded shoulder movement with elbow extension; chest is the designated target and triceps a substantial synergist.,low,Chest (pec major)=low | Triceps=low | Anterior Delts=low,anatomy-upper,"Direct evidence for this exact setup is limited. Fractions are conservative bookkeeping estimates, not measured hypertrophy equivalence."
p5-standing-barbell-overhead-press,Standing Barbell Overhead Press,Military press | Strict press | Standing BB Overhead Press,Barbell,Overhead press,bilateral,external,Strict standing press from upper chest overhead without leg drive.,Anterior Delts,Anterior Delts | Lateral Delts | Triceps,Anterior Delts=1 | Lateral Delts=0.5 | Triceps=0.5,Shoulder elevation directly loads anterior deltoid with lateral-deltoid assistance and meaningful elbow extension. Trunk bracing receives no automatic credit.,medium,Anterior Delts=medium | Lateral Delts=medium | Triceps=medium,anatomy-upper,"Direct evidence for this exact setup is limited. Fractions are conservative bookkeeping estimates, not measured hypertrophy equivalence."
p5-seated-barbell-overhead-press,Seated Barbell Overhead Press,Seated BB Overhead Press,Barbell,Overhead press,bilateral,external,Back-supported upright bench; no leg drive.,Anterior Delts,Anterior Delts | Lateral Delts | Triceps,Anterior Delts=1 | Lateral Delts=0.5 | Triceps=0.5,Shoulder elevation directly loads anterior deltoid with lateral-deltoid assistance and meaningful elbow extension. Trunk bracing receives no automatic credit.,medium,Anterior Delts=medium | Lateral Delts=medium | Triceps=medium,anatomy-upper,"Direct evidence for this exact setup is limited. Fractions are conservative bookkeeping estimates, not measured hypertrophy equivalence."
p5-seated-dumbbell-shoulder-press,Seated Dumbbell Shoulder Press,DB shoulder press | Seated DB Shoulder Press,Dumbbell,Overhead press,bilateral,external,Back support near upright; elbows in scapular plane.,Anterior Delts,Anterior Delts | Lateral Delts | Triceps,Anterior Delts=1 | Lateral Delts=0.5 | Triceps=0.5,Shoulder elevation directly loads anterior deltoid with lateral-deltoid assistance and meaningful elbow extension. Trunk bracing receives no automatic credit.,medium,Anterior Delts=medium | Lateral Delts=medium | Triceps=medium,anatomy-upper,"Direct evidence for this exact setup is limited. Fractions are conservative bookkeeping estimates, not measured hypertrophy equivalence."
p5-standing-dumbbell-shoulder-press,Standing Dumbbell Shoulder Press,Standing DB Shoulder Press,Dumbbell,Overhead press,bilateral,external,Strict standing overhead press; no knee dip.,Anterior Delts,Anterior Delts | Lateral Delts | Triceps,Anterior Delts=1 | Lateral Delts=0.5 | Triceps=0.5,Shoulder elevation directly loads anterior deltoid with lateral-deltoid assistance and meaningful elbow extension. Trunk bracing receives no automatic credit.,medium,Anterior Delts=medium | Lateral Delts=medium | Triceps=medium,anatomy-upper,"Direct evidence for this exact setup is limited. Fractions are conservative bookkeeping estimates, not measured hypertrophy equivalence."
p5-arnold-press,Arnold Press,,Dumbbell,Overhead press,bilateral,external,"Seated; rotate from palms facing torso into overhead press, within comfortable shoulder ROM.",Anterior Delts,Anterior Delts | Lateral Delts | Triceps,Anterior Delts=1 | Lateral Delts=0.5 | Triceps=0.5,Shoulder elevation directly loads anterior deltoid with lateral-deltoid assistance and meaningful elbow extension. Trunk bracing receives no automatic credit.,medium,Anterior Delts=medium | Lateral Delts=medium | Triceps=medium,anatomy-upper,"Direct evidence for this exact setup is limited. Fractions are conservative bookkeeping estimates, not measured hypertrophy equivalence."
p5-single-arm-dumbbell-overhead-press,Single-Arm Dumbbell Overhead Press,One-arm DB shoulder press | Single-Arm DB Overhead Press,Dumbbell,Overhead press,unilateral,external,One arm presses vertically; torso stays level.,Anterior Delts,Anterior Delts | Lateral Delts | Triceps,Anterior Delts=1 | Lateral Delts=0.5 | Triceps=0.5,Shoulder elevation directly loads anterior deltoid with lateral-deltoid assistance and meaningful elbow extension. Trunk bracing receives no automatic credit.,medium,Anterior Delts=medium | Lateral Delts=medium | Triceps=medium,anatomy-upper,"Direct evidence for this exact setup is limited. Fractions are conservative bookkeeping estimates, not measured hypertrophy equivalence. Sets are per side: one prescribed set means one set on each side; do not double bilateral group volume."
p5-smith-shoulder-press,Smith Shoulder Press,,Smith machine,Overhead press,bilateral,external,Upright supported bench aligned with fixed bar path in front of head.,Anterior Delts,Anterior Delts | Lateral Delts | Triceps,Anterior Delts=1 | Lateral Delts=0.5 | Triceps=0.5,Shoulder elevation directly loads anterior deltoid with lateral-deltoid assistance and meaningful elbow extension. Trunk bracing receives no automatic credit.,medium,Anterior Delts=medium | Lateral Delts=medium | Triceps=medium,anatomy-upper,"Direct evidence for this exact setup is limited. Fractions are conservative bookkeeping estimates, not measured hypertrophy equivalence. Machine lever arms, cable routing, cams and seat settings vary; match the described joint path rather than a product label."
p5-seated-machine-shoulder-press,Seated Machine Shoulder Press,,Selectorized machine,Overhead press,bilateral,external,Supported torso; handles move upward in scapular plane.,Anterior Delts,Anterior Delts | Lateral Delts | Triceps,Anterior Delts=1 | Lateral Delts=0.5 | Triceps=0.5,Shoulder elevation directly loads anterior deltoid with lateral-deltoid assistance and meaningful elbow extension. Trunk bracing receives no automatic credit.,medium,Anterior Delts=medium | Lateral Delts=medium | Triceps=medium,anatomy-upper,"Direct evidence for this exact setup is limited. Fractions are conservative bookkeeping estimates, not measured hypertrophy equivalence."
p5-independent-lever-shoulder-press,Independent-Lever Shoulder Press,,Plate-loaded machine,Overhead press,bilateral,external,Separate converging overhead lever arms; seat aligns handles with shoulders.,Anterior Delts,Anterior Delts | Lateral Delts | Triceps,Anterior Delts=1 | Lateral Delts=0.5 | Triceps=0.5,Shoulder elevation directly loads anterior deltoid with lateral-deltoid assistance and meaningful elbow extension. Trunk bracing receives no automatic credit.,medium,Anterior Delts=medium | Lateral Delts=medium | Triceps=medium,anatomy-upper,"Direct evidence for this exact setup is limited. Fractions are conservative bookkeeping estimates, not measured hypertrophy equivalence."
p5-seated-cable-shoulder-press,Seated Cable Shoulder Press,,Cable,Overhead press,bilateral,external,Bench between low pulleys; press independent handles overhead.,Anterior Delts,Anterior Delts | Lateral Delts | Triceps,Anterior Delts=1 | Lateral Delts=0.5 | Triceps=0.5,Shoulder elevation directly loads anterior deltoid with lateral-deltoid assistance and meaningful elbow extension. Trunk bracing receives no automatic credit.,medium,Anterior Delts=medium | Lateral Delts=medium | Triceps=medium,anatomy-upper,"Direct evidence for this exact setup is limited. Fractions are conservative bookkeeping estimates, not measured hypertrophy equivalence."
p5-band-overhead-press,Band Overhead Press,,Resistance band,Overhead press,bilateral,external,Stand on band; strict upward press with rising resistance.,Anterior Delts,Anterior Delts | Lateral Delts | Triceps,Anterior Delts=1 | Lateral Delts=0.5 | Triceps=0.5,Shoulder elevation directly loads anterior deltoid with lateral-deltoid assistance and meaningful elbow extension. Trunk bracing receives no automatic credit.,medium,Anterior Delts=medium | Lateral Delts=medium | Triceps=medium,anatomy-upper,"Direct evidence for this exact setup is limited. Fractions are conservative bookkeeping estimates, not measured hypertrophy equivalence."
p5-double-kettlebell-strict-press,Double-Kettlebell Strict Press,Double-KB Strict Press,Kettlebell,Overhead press,bilateral,external,Two bells in rack; press without knee drive.,Anterior Delts,Anterior Delts | Lateral Delts | Triceps,Anterior Delts=1 | Lateral Delts=0.5 | Triceps=0.5,Shoulder elevation directly loads anterior deltoid with lateral-deltoid assistance and meaningful elbow extension. Trunk bracing receives no automatic credit.,medium,Anterior Delts=medium | Lateral Delts=medium | Triceps=medium,anatomy-upper,"Direct evidence for this exact setup is limited. Fractions are conservative bookkeeping estimates, not measured hypertrophy equivalence."
p5-single-kettlebell-strict-press,Single-Kettlebell Strict Press,Single-KB Strict Press,Kettlebell,Overhead press,unilateral,external,One bell rests against forearm in rack; press without torso lean.,Anterior Delts,Anterior Delts | Lateral Delts | Triceps,Anterior Delts=1 | Lateral Delts=0.5 | Triceps=0.5,Shoulder elevation directly loads anterior deltoid with lateral-deltoid assistance and meaningful elbow extension. Trunk bracing receives no automatic credit.,medium,Anterior Delts=medium | Lateral Delts=medium | Triceps=medium,anatomy-upper,"Direct evidence for this exact setup is limited. Fractions are conservative bookkeeping estimates, not measured hypertrophy equivalence. Sets are per side: one prescribed set means one set on each side; do not double bilateral group volume."
p5-pike-push-up,Pike Push-Up,,Bodyweight,Overhead press,bilateral,bodyweight,"Hips high, hands on floor; flex elbows to lower head then press up.",Anterior Delts,Anterior Delts | Lateral Delts | Triceps,Anterior Delts=1 | Lateral Delts=0.5 | Triceps=0.5,Shoulder elevation directly loads anterior deltoid with lateral-deltoid assistance and meaningful elbow extension. Trunk bracing receives no automatic credit.,medium,Anterior Delts=medium | Lateral Delts=medium | Triceps=medium,anatomy-upper,"Direct evidence for this exact setup is limited. Fractions are conservative bookkeeping estimates, not measured hypertrophy equivalence."
p5-wall-supported-handstand-push-up,Wall-Supported Handstand Push-Up,,Bodyweight,Overhead press,bilateral,bodyweight,Wall supplies balance; lower head under control to consistent depth.,Anterior Delts,Anterior Delts | Lateral Delts | Triceps,Anterior Delts=1 | Lateral Delts=0.5 | Triceps=0.5,Shoulder elevation directly loads anterior deltoid with lateral-deltoid assistance and meaningful elbow extension. Trunk bracing receives no automatic credit.,medium,Anterior Delts=medium | Lateral Delts=medium | Triceps=medium,anatomy-upper,"Direct evidence for this exact setup is limited. Fractions are conservative bookkeeping estimates, not measured hypertrophy equivalence."
p5-half-kneeling-single-arm-landmine-press,Half-Kneeling Single-Arm Landmine Press,,Landmine,Angled press,unilateral,external,One knee down; press bar end upward and forward without torso rotation.,Anterior Delts,Anterior Delts | Chest (pec major) | Triceps,Anterior Delts=1 | Chest (pec major)=0.5 | Triceps=0.25,The upward-forward arc combines shoulder flexion with some adduction and elbow extension; anterior deltoid is the designated prime mover.,low,Anterior Delts=low | Chest (pec major)=low | Triceps=low,anatomy-upper,"Direct evidence for this exact setup is limited. Fractions are conservative bookkeeping estimates, not measured hypertrophy equivalence. Sets are per side: one prescribed set means one set on each side; do not double bilateral group volume."
p5-standing-single-arm-landmine-press,Standing Single-Arm Landmine Press,,Landmine,Angled press,unilateral,external,"Staggered stance, bar end at shoulder; follow upward arc.",Anterior Delts,Anterior Delts | Chest (pec major) | Triceps,Anterior Delts=1 | Chest (pec major)=0.5 | Triceps=0.25,The upward-forward arc combines shoulder flexion with some adduction and elbow extension; anterior deltoid is the designated prime mover.,low,Anterior Delts=low | Chest (pec major)=low | Triceps=low,anatomy-upper,"Direct evidence for this exact setup is limited. Fractions are conservative bookkeeping estimates, not measured hypertrophy equivalence. Sets are per side: one prescribed set means one set on each side; do not double bilateral group volume."
p5-two-hand-landmine-press,Two-Hand Landmine Press,,Landmine,Angled press,bilateral,external,Both hands cup bar end at upper chest; press forward-up through arc.,Anterior Delts,Anterior Delts | Chest (pec major) | Triceps,Anterior Delts=1 | Chest (pec major)=0.5 | Triceps=0.25,The upward-forward arc combines shoulder flexion with some adduction and elbow extension; anterior deltoid is the designated prime mover.,low,Anterior Delts=low | Chest (pec major)=low | Triceps=low,anatomy-upper,"Direct evidence for this exact setup is limited. Fractions are conservative bookkeeping estimates, not measured hypertrophy equivalence."
p5-single-arm-cable-lateral-raise,Single-Arm Cable Lateral Raise,Cable side raise,Cable,Shoulder abduction,unilateral,external,Low pulley across body; raise in scapular plane with soft elbow.,Lateral Delts,Lateral Delts,Lateral Delts=1,Loaded humeral abduction directly trains lateral deltoid; scapular rotation and grip are not automatically counted.,high,Lateral Delts=high,anatomy-upper | lateral,"Direct evidence for this exact setup is limited. Fractions are conservative bookkeeping estimates, not measured hypertrophy equivalence. Sets are per side: one prescribed set means one set on each side; do not double bilateral group volume."
p5-behind-body-cable-lateral-raise,Behind-Body Cable Lateral Raise,,Cable,Shoulder abduction,unilateral,external,Low cable passes behind pelvis; begin with arm slightly across body.,Lateral Delts,Lateral Delts,Lateral Delts=1,Loaded humeral abduction directly trains lateral deltoid; scapular rotation and grip are not automatically counted.,medium,Lateral Delts=medium,anatomy-upper | lateral,"Direct evidence for this exact setup is limited. Fractions are conservative bookkeeping estimates, not measured hypertrophy equivalence. Sets are per side: one prescribed set means one set on each side; do not double bilateral group volume."
p5-leaning-cable-lateral-raise,Leaning Cable Lateral Raise,,Cable,Shoulder abduction,unilateral,external,Hold upright support and lean away; raise arm against low cable.,Lateral Delts,Lateral Delts,Lateral Delts=1,Loaded humeral abduction directly trains lateral deltoid; scapular rotation and grip are not automatically counted.,medium,Lateral Delts=medium,anatomy-upper | lateral,"Direct evidence for this exact setup is limited. Fractions are conservative bookkeeping estimates, not measured hypertrophy equivalence. Sets are per side: one prescribed set means one set on each side; do not double bilateral group volume."
p5-seated-dumbbell-lateral-raise,Seated Dumbbell Lateral Raise,Seated DB Lateral Raise,Dumbbell,Shoulder abduction,bilateral,external,Sit upright; elevate arms to shoulder level without swinging.,Lateral Delts,Lateral Delts,Lateral Delts=1,Loaded humeral abduction directly trains lateral deltoid; scapular rotation and grip are not automatically counted.,medium,Lateral Delts=medium,anatomy-upper | lateral,"Direct evidence for this exact setup is limited. Fractions are conservative bookkeeping estimates, not measured hypertrophy equivalence."
p5-side-lying-dumbbell-lateral-raise,Side-Lying Dumbbell Lateral Raise,Side-Lying DB Lateral Raise,Dumbbell,Shoulder abduction,unilateral,external,Lie on side on a shallow incline bench; move upper arm away from trunk.,Lateral Delts,Lateral Delts,Lateral Delts=1,Loaded humeral abduction directly trains lateral deltoid; scapular rotation and grip are not automatically counted.,medium,Lateral Delts=medium,anatomy-upper | lateral,"Direct evidence for this exact setup is limited. Fractions are conservative bookkeeping estimates, not measured hypertrophy equivalence. Sets are per side: one prescribed set means one set on each side; do not double bilateral group volume."
p5-machine-lateral-raise,Machine Lateral Raise,,Selectorized machine,Shoulder abduction,bilateral,external,Elbow pads or handles resist shoulder abduction; seat aligns joint with pivot.,Lateral Delts,Lateral Delts,Lateral Delts=1,Loaded humeral abduction directly trains lateral deltoid; scapular rotation and grip are not automatically counted.,medium,Lateral Delts=medium,anatomy-upper | lateral,"Direct evidence for this exact setup is limited. Fractions are conservative bookkeeping estimates, not measured hypertrophy equivalence."
p5-band-lateral-raise,Band Lateral Raise,,Resistance band,Shoulder abduction,bilateral,external,Stand on band; abduct arms without shrugging to initiate motion.,Lateral Delts,Lateral Delts,Lateral Delts=1,Loaded humeral abduction directly trains lateral deltoid; scapular rotation and grip are not automatically counted.,medium,Lateral Delts=medium,anatomy-upper | lateral,"Direct evidence for this exact setup is limited. Fractions are conservative bookkeeping estimates, not measured hypertrophy equivalence."
p5-dumbbell-front-raise,Dumbbell Front Raise,DB Front Raise,Dumbbell,Shoulder flexion,bilateral,external,Lift arms forward to approximately shoulder height; torso remains still.,Anterior Delts,Anterior Delts,Anterior Delts=1,Loaded shoulder flexion targets anterior deltoid; no elbow movement is required.,medium,Anterior Delts=medium,anatomy-upper,"Direct evidence for this exact setup is limited. Fractions are conservative bookkeeping estimates, not measured hypertrophy equivalence."
p5-cable-front-raise,Cable Front Raise,,Cable,Shoulder flexion,bilateral,external,Low cable behind body; raise handle forward with fixed elbow angle.,Anterior Delts,Anterior Delts,Anterior Delts=1,Loaded shoulder flexion targets anterior deltoid; no elbow movement is required.,medium,Anterior Delts=medium,anatomy-upper,"Direct evidence for this exact setup is limited. Fractions are conservative bookkeeping estimates, not measured hypertrophy equivalence."
p5-barbell-front-raise,Barbell Front Raise,BB Front Raise,Barbell,Shoulder flexion,bilateral,external,Overhand shoulder-width grip; elevate arms forward without hip drive.,Anterior Delts,Anterior Delts,Anterior Delts=1,Loaded shoulder flexion targets anterior deltoid; no elbow movement is required.,medium,Anterior Delts=medium,anatomy-upper,"Direct evidence for this exact setup is limited. Fractions are conservative bookkeeping estimates, not measured hypertrophy equivalence."
p5-bent-over-dumbbell-reverse-fly,Bent-Over Dumbbell Reverse Fly,Bent-Over DB Reverse Fly,Dumbbell,Shoulder horizontal abduction,bilateral,external,Hinge torso near horizontal; abduct arms with slight fixed elbow bend.,Rear Delts,Rear Delts | Mid / Low Traps & Rhomboids,Rear Delts=1 | Mid / Low Traps & Rhomboids=0.5,Horizontal abduction targets rear deltoid; deliberate scapular retraction gives the grouped retractors secondary credit.,medium,Rear Delts=medium | Mid / Low Traps & Rhomboids=medium,anatomy-upper,"Direct evidence for this exact setup is limited. Fractions are conservative bookkeeping estimates, not measured hypertrophy equivalence."
p5-chest-supported-dumbbell-reverse-fly,Chest-Supported Dumbbell Reverse Fly,Incline rear-delt fly | Chest-Supported DB Reverse Fly,Dumbbell,Shoulder horizontal abduction,bilateral,external,Lie face down on low incline bench; move arms out and retract scapulae.,Rear Delts,Rear Delts | Mid / Low Traps & Rhomboids,Rear Delts=1 | Mid / Low Traps & Rhomboids=0.5,Horizontal abduction targets rear deltoid; deliberate scapular retraction gives the grouped retractors secondary credit.,medium,Rear Delts=medium | Mid / Low Traps & Rhomboids=medium,anatomy-upper,"Direct evidence for this exact setup is limited. Fractions are conservative bookkeeping estimates, not measured hypertrophy equivalence."
p5-standing-cable-reverse-fly,Standing Cable Reverse Fly,,Cable,Shoulder horizontal abduction,bilateral,external,Cross opposing shoulder-height cables; open arms and retract scapulae.,Rear Delts,Rear Delts | Mid / Low Traps & Rhomboids,Rear Delts=1 | Mid / Low Traps & Rhomboids=0.5,Horizontal abduction targets rear deltoid; deliberate scapular retraction gives the grouped retractors secondary credit.,medium,Rear Delts=medium | Mid / Low Traps & Rhomboids=medium,anatomy-upper,"Direct evidence for this exact setup is limited. Fractions are conservative bookkeeping estimates, not measured hypertrophy equivalence."
p5-cable-face-pull,Cable Face Pull,Rope face pull,Cable,Shoulder horizontal abduction,bilateral,external,"Rope toward forehead, elbows out; combine horizontal abduction with retraction.",Rear Delts,Rear Delts | Mid / Low Traps & Rhomboids,Rear Delts=1 | Mid / Low Traps & Rhomboids=0.5,Horizontal abduction targets rear deltoid; deliberate scapular retraction gives the grouped retractors secondary credit.,medium,Rear Delts=medium | Mid / Low Traps & Rhomboids=medium,anatomy-upper,"Direct evidence for this exact setup is limited. Fractions are conservative bookkeeping estimates, not measured hypertrophy equivalence."
p5-reverse-pec-deck,Reverse Pec Deck,Rear-delt machine,Selectorized machine,Shoulder horizontal abduction,bilateral,external,Face pad; handles at shoulder height; abduct arms and retract scapulae.,Rear Delts,Rear Delts | Mid / Low Traps & Rhomboids,Rear Delts=1 | Mid / Low Traps & Rhomboids=0.5,Horizontal abduction targets rear deltoid; deliberate scapular retraction gives the grouped retractors secondary credit.,medium,Rear Delts=medium | Mid / Low Traps & Rhomboids=medium,anatomy-upper,"Direct evidence for this exact setup is limited. Fractions are conservative bookkeeping estimates, not measured hypertrophy equivalence."
p5-band-pull-apart,Band Pull-Apart,,Resistance band,Shoulder horizontal abduction,bilateral,external,Arms forward at shoulder level; pull band apart by horizontal abduction.,Rear Delts,Rear Delts | Mid / Low Traps & Rhomboids,Rear Delts=1 | Mid / Low Traps & Rhomboids=0.5,Horizontal abduction targets rear deltoid; deliberate scapular retraction gives the grouped retractors secondary credit.,medium,Rear Delts=medium | Mid / Low Traps & Rhomboids=medium,anatomy-upper,"Direct evidence for this exact setup is limited. Fractions are conservative bookkeeping estimates, not measured hypertrophy equivalence."
p5-band-face-pull,Band Face Pull,,Resistance band,Shoulder horizontal abduction,bilateral,external,Anchor near face height; draw hands toward forehead with elbows out.,Rear Delts,Rear Delts | Mid / Low Traps & Rhomboids,Rear Delts=1 | Mid / Low Traps & Rhomboids=0.5,Horizontal abduction targets rear deltoid; deliberate scapular retraction gives the grouped retractors secondary credit.,medium,Rear Delts=medium | Mid / Low Traps & Rhomboids=medium,anatomy-upper,"Direct evidence for this exact setup is limited. Fractions are conservative bookkeeping estimates, not measured hypertrophy equivalence."
p5-prone-dumbbell-y-raise,Prone Dumbbell Y Raise,Prone DB Y Raise,Dumbbell,Scapular upward rotation / Y raise,bilateral,external,"Face down on incline bench; thumbs up, arms form Y; emphasize scapular upward rotation.",Mid / Low Traps & Rhomboids,Mid / Low Traps & Rhomboids | Lateral Delts,Mid / Low Traps & Rhomboids=1 | Lateral Delts=0.25,The defined Y path emphasizes lower-trapezius scapular action with minor shoulder-elevation assistance. Group credit does not mean equal rhomboid recruitment.,low,Mid / Low Traps & Rhomboids=low | Lateral Delts=low,anatomy-upper,"Direct evidence for this exact setup is limited. Fractions are conservative bookkeeping estimates, not measured hypertrophy equivalence."
p5-cable-y-raise,Cable Y Raise,,Cable,Scapular upward rotation / Y raise,bilateral,external,Low opposing pulleys; lift arms in Y plane with controlled scapular movement.,Mid / Low Traps & Rhomboids,Mid / Low Traps & Rhomboids | Lateral Delts,Mid / Low Traps & Rhomboids=1 | Lateral Delts=0.25,The defined Y path emphasizes lower-trapezius scapular action with minor shoulder-elevation assistance. Group credit does not mean equal rhomboid recruitment.,low,Mid / Low Traps & Rhomboids=low | Lateral Delts=low,anatomy-upper,"Direct evidence for this exact setup is limited. Fractions are conservative bookkeeping estimates, not measured hypertrophy equivalence."
p5-bent-over-barbell-row,Bent-Over Barbell Row,Barbell bent row | Bent-Over BB Row,Barbell,Horizontal pull — tucked elbows,bilateral,external,"Unsupported hip hinge; overhand grip, elbows near torso, pull to lower ribs.",Lats / teres major,Lats / teres major | Mid / Low Traps & Rhomboids | Biceps (Brachii) | Rear Delts,Lats / teres major=1 | Mid / Low Traps & Rhomboids=0.5 | Biceps (Brachii)=0.5 | Rear Delts=0.25,"Tucked-elbow shoulder extension emphasizes lats; scapular retraction, elbow flexion and posterior shoulder assistance earn bounded supporting credits.",medium,Lats / teres major=medium | Mid / Low Traps & Rhomboids=medium | Biceps (Brachii)=medium | Rear Delts=medium,anatomy-upper | pull,"Direct evidence for this exact setup is limited. Fractions are conservative bookkeeping estimates, not measured hypertrophy equivalence."
p5-underhand-barbell-row,Underhand Barbell Row,Yates-style underhand row | Underhand BB Row,Barbell,Horizontal pull — tucked elbows,bilateral,external,Supinated grip with elbows close; pull to waist without torso heave.,Lats / teres major,Lats / teres major | Mid / Low Traps & Rhomboids | Biceps (Brachii) | Rear Delts,Lats / teres major=1 | Mid / Low Traps & Rhomboids=0.5 | Biceps (Brachii)=0.5 | Rear Delts=0.25,"Tucked-elbow shoulder extension emphasizes lats; scapular retraction, elbow flexion and posterior shoulder assistance earn bounded supporting credits.",medium,Lats / teres major=medium | Mid / Low Traps & Rhomboids=medium | Biceps (Brachii)=medium | Rear Delts=medium,anatomy-upper | pull,"Direct evidence for this exact setup is limited. Fractions are conservative bookkeeping estimates, not measured hypertrophy equivalence."
p5-pendlay-row,Pendlay Row,,Barbell,Horizontal pull — tucked elbows,bilateral,external,"Torso near horizontal; reset bar on floor each rep, elbows moderately tucked.",Lats / teres major,Lats / teres major | Mid / Low Traps & Rhomboids | Biceps (Brachii) | Rear Delts,Lats / teres major=1 | Mid / Low Traps & Rhomboids=0.5 | Biceps (Brachii)=0.5 | Rear Delts=0.25,"Tucked-elbow shoulder extension emphasizes lats; scapular retraction, elbow flexion and posterior shoulder assistance earn bounded supporting credits.",medium,Lats / teres major=medium | Mid / Low Traps & Rhomboids=medium | Biceps (Brachii)=medium | Rear Delts=medium,anatomy-upper | pull,"Direct evidence for this exact setup is limited. Fractions are conservative bookkeeping estimates, not measured hypertrophy equivalence."
p5-barbell-seal-row,Barbell Seal Row,BB Seal Row,Barbell,Horizontal pull — tucked elbows,bilateral,external,Prone on elevated flat bench; pull bar toward lower ribs with no torso movement.,Lats / teres major,Lats / teres major | Mid / Low Traps & Rhomboids | Biceps (Brachii) | Rear Delts,Lats / teres major=1 | Mid / Low Traps & Rhomboids=0.5 | Biceps (Brachii)=0.5 | Rear Delts=0.25,"Tucked-elbow shoulder extension emphasizes lats; scapular retraction, elbow flexion and posterior shoulder assistance earn bounded supporting credits.",medium,Lats / teres major=medium | Mid / Low Traps & Rhomboids=medium | Biceps (Brachii)=medium | Rear Delts=medium,anatomy-upper | pull,"Direct evidence for this exact setup is limited. Fractions are conservative bookkeeping estimates, not measured hypertrophy equivalence."
p5-chest-supported-dumbbell-row,Chest-Supported Dumbbell Row,Incline dumbbell row | Chest-Supported DB Row,Dumbbell,Horizontal pull — tucked elbows,bilateral,external,"Prone low-incline bench, neutral grip, elbows near torso.",Lats / teres major,Lats / teres major | Mid / Low Traps & Rhomboids | Biceps (Brachii) | Rear Delts,Lats / teres major=1 | Mid / Low Traps & Rhomboids=0.5 | Biceps (Brachii)=0.5 | Rear Delts=0.25,"Tucked-elbow shoulder extension emphasizes lats; scapular retraction, elbow flexion and posterior shoulder assistance earn bounded supporting credits.",medium,Lats / teres major=medium | Mid / Low Traps & Rhomboids=medium | Biceps (Brachii)=medium | Rear Delts=medium,anatomy-upper | pull,"Direct evidence for this exact setup is limited. Fractions are conservative bookkeeping estimates, not measured hypertrophy equivalence."
p5-two-dumbbell-bent-over-row,Two-Dumbbell Bent-Over Row,Two-DB Bent-Over Row,Dumbbell,Horizontal pull — tucked elbows,bilateral,external,"Unsupported hinge, neutral grip, both arms pull to hips.",Lats / teres major,Lats / teres major | Mid / Low Traps & Rhomboids | Biceps (Brachii) | Rear Delts,Lats / teres major=1 | Mid / Low Traps & Rhomboids=0.5 | Biceps (Brachii)=0.5 | Rear Delts=0.25,"Tucked-elbow shoulder extension emphasizes lats; scapular retraction, elbow flexion and posterior shoulder assistance earn bounded supporting credits.",medium,Lats / teres major=medium | Mid / Low Traps & Rhomboids=medium | Biceps (Brachii)=medium | Rear Delts=medium,anatomy-upper | pull,"Direct evidence for this exact setup is limited. Fractions are conservative bookkeeping estimates, not measured hypertrophy equivalence."
p5-chest-supported-dumbbell-high-row,Chest-Supported Dumbbell High Row,Chest-Supported DB High Row,Dumbbell,Horizontal pull — flared elbows,bilateral,external,"Prone incline bench, elbows 60–90 degrees from torso, retract scapulae.",Mid / Low Traps & Rhomboids,Mid / Low Traps & Rhomboids | Rear Delts | Biceps (Brachii) | Lats / teres major,Mid / Low Traps & Rhomboids=1 | Rear Delts=0.5 | Biceps (Brachii)=0.5 | Lats / teres major=0.25,Flared elbows and deliberate scapular retraction emphasize upper-back retractors; posterior shoulder and elbow flexors assist. Lats receive only minor credit in this path.,medium,Mid / Low Traps & Rhomboids=medium | Rear Delts=medium | Biceps (Brachii)=medium | Lats / teres major=medium,anatomy-upper,"Direct evidence for this exact setup is limited. Fractions are conservative bookkeeping estimates, not measured hypertrophy equivalence."
p5-bent-over-dumbbell-high-row,Bent-Over Dumbbell High Row,Bent-Over DB High Row,Dumbbell,Horizontal pull — flared elbows,bilateral,external,"Unsupported hinge with elbows flared, pull toward upper ribs.",Mid / Low Traps & Rhomboids,Mid / Low Traps & Rhomboids | Rear Delts | Biceps (Brachii) | Lats / teres major,Mid / Low Traps & Rhomboids=1 | Rear Delts=0.5 | Biceps (Brachii)=0.5 | Lats / teres major=0.25,Flared elbows and deliberate scapular retraction emphasize upper-back retractors; posterior shoulder and elbow flexors assist. Lats receive only minor credit in this path.,medium,Mid / Low Traps & Rhomboids=medium | Rear Delts=medium | Biceps (Brachii)=medium | Lats / teres major=medium,anatomy-upper,"Direct evidence for this exact setup is limited. Fractions are conservative bookkeeping estimates, not measured hypertrophy equivalence."
p5-close-grip-seated-cable-row,Close-Grip Seated Cable Row,Seated low cable row,Cable,Horizontal pull — tucked elbows,bilateral,external,Neutral narrow handle; pull toward waist with elbow path near torso.,Lats / teres major,Lats / teres major | Mid / Low Traps & Rhomboids | Biceps (Brachii) | Rear Delts,Lats / teres major=1 | Mid / Low Traps & Rhomboids=0.5 | Biceps (Brachii)=0.5 | Rear Delts=0.25,"Tucked-elbow shoulder extension emphasizes lats; scapular retraction, elbow flexion and posterior shoulder assistance earn bounded supporting credits.",medium,Lats / teres major=medium | Mid / Low Traps & Rhomboids=medium | Biceps (Brachii)=medium | Rear Delts=medium,anatomy-upper | pull,"Direct evidence for this exact setup is limited. Fractions are conservative bookkeeping estimates, not measured hypertrophy equivalence."
p5-single-arm-seated-cable-row,Single-Arm Seated Cable Row,,Cable,Horizontal pull — tucked elbows,unilateral,external,"One low handle, elbow toward hip, torso remains square.",Lats / teres major,Lats / teres major | Mid / Low Traps & Rhomboids | Biceps (Brachii) | Rear Delts,Lats / teres major=1 | Mid / Low Traps & Rhomboids=0.5 | Biceps (Brachii)=0.5 | Rear Delts=0.25,"Tucked-elbow shoulder extension emphasizes lats; scapular retraction, elbow flexion and posterior shoulder assistance earn bounded supporting credits.",medium,Lats / teres major=medium | Mid / Low Traps & Rhomboids=medium | Biceps (Brachii)=medium | Rear Delts=medium,anatomy-upper | pull,"Direct evidence for this exact setup is limited. Fractions are conservative bookkeeping estimates, not measured hypertrophy equivalence. Sets are per side: one prescribed set means one set on each side; do not double bilateral group volume."
p5-standing-single-arm-cable-row,Standing Single-Arm Cable Row,,Cable,Horizontal pull — tucked elbows,unilateral,external,Pulley at lower chest; split stance resists forward pull.,Lats / teres major,Lats / teres major | Mid / Low Traps & Rhomboids | Biceps (Brachii) | Rear Delts,Lats / teres major=1 | Mid / Low Traps & Rhomboids=0.5 | Biceps (Brachii)=0.5 | Rear Delts=0.25,"Tucked-elbow shoulder extension emphasizes lats; scapular retraction, elbow flexion and posterior shoulder assistance earn bounded supporting credits.",medium,Lats / teres major=medium | Mid / Low Traps & Rhomboids=medium | Biceps (Brachii)=medium | Rear Delts=medium,anatomy-upper | pull,"Direct evidence for this exact setup is limited. Fractions are conservative bookkeeping estimates, not measured hypertrophy equivalence. Sets are per side: one prescribed set means one set on each side; do not double bilateral group volume."
p5-chest-supported-cable-high-row,Chest-Supported Cable High Row,,Cable,Horizontal pull — flared elbows,bilateral,external,"Bench faces pulley at shoulder height; elbows flare, scapulae retract.",Mid / Low Traps & Rhomboids,Mid / Low Traps & Rhomboids | Rear Delts | Biceps (Brachii) | Lats / teres major,Mid / Low Traps & Rhomboids=1 | Rear Delts=0.5 | Biceps (Brachii)=0.5 | Lats / teres major=0.25,Flared elbows and deliberate scapular retraction emphasize upper-back retractors; posterior shoulder and elbow flexors assist. Lats receive only minor credit in this path.,medium,Mid / Low Traps & Rhomboids=medium | Rear Delts=medium | Biceps (Brachii)=medium | Lats / teres major=medium,anatomy-upper,"Direct evidence for this exact setup is limited. Fractions are conservative bookkeeping estimates, not measured hypertrophy equivalence."
p5-single-arm-cable-high-row,Single-Arm Cable High Row,,Cable,Horizontal pull — flared elbows,unilateral,external,"Pulley at chest height, elbow flared; no trunk rotation.",Mid / Low Traps & Rhomboids,Mid / Low Traps & Rhomboids | Rear Delts | Biceps (Brachii) | Lats / teres major,Mid / Low Traps & Rhomboids=1 | Rear Delts=0.5 | Biceps (Brachii)=0.5 | Lats / teres major=0.25,Flared elbows and deliberate scapular retraction emphasize upper-back retractors; posterior shoulder and elbow flexors assist. Lats receive only minor credit in this path.,medium,Mid / Low Traps & Rhomboids=medium | Rear Delts=medium | Biceps (Brachii)=medium | Lats / teres major=medium,anatomy-upper,"Direct evidence for this exact setup is limited. Fractions are conservative bookkeeping estimates, not measured hypertrophy equivalence. Sets are per side: one prescribed set means one set on each side; do not double bilateral group volume."
p5-landmine-t-bar-row,Landmine T-Bar Row,T-bar row,Landmine,Horizontal pull — tucked elbows,bilateral,external,"Straddle bar, close neutral handle, unsupported hinge; pull to lower ribs.",Lats / teres major,Lats / teres major | Mid / Low Traps & Rhomboids | Biceps (Brachii) | Rear Delts,Lats / teres major=1 | Mid / Low Traps & Rhomboids=0.5 | Biceps (Brachii)=0.5 | Rear Delts=0.25,"Tucked-elbow shoulder extension emphasizes lats; scapular retraction, elbow flexion and posterior shoulder assistance earn bounded supporting credits.",medium,Lats / teres major=medium | Mid / Low Traps & Rhomboids=medium | Biceps (Brachii)=medium | Rear Delts=medium,anatomy-upper | pull,"Direct evidence for this exact setup is limited. Fractions are conservative bookkeeping estimates, not measured hypertrophy equivalence."
p5-single-arm-landmine-row,Single-Arm Landmine Row,,Landmine,Horizontal pull — tucked elbows,unilateral,external,"Stand alongside bar, grip sleeve with neutral hand and tucked elbow.",Lats / teres major,Lats / teres major | Mid / Low Traps & Rhomboids | Biceps (Brachii) | Rear Delts,Lats / teres major=1 | Mid / Low Traps & Rhomboids=0.5 | Biceps (Brachii)=0.5 | Rear Delts=0.25,"Tucked-elbow shoulder extension emphasizes lats; scapular retraction, elbow flexion and posterior shoulder assistance earn bounded supporting credits.",medium,Lats / teres major=medium | Mid / Low Traps & Rhomboids=medium | Biceps (Brachii)=medium | Rear Delts=medium,anatomy-upper | pull,"Direct evidence for this exact setup is limited. Fractions are conservative bookkeeping estimates, not measured hypertrophy equivalence. Sets are per side: one prescribed set means one set on each side; do not double bilateral group volume."
p5-meadows-row,Meadows Row,,Landmine,Horizontal pull — flared elbows,unilateral,external,"Stand perpendicular to bar end, overhand sleeve grip, elbow flares; brace free arm.",Mid / Low Traps & Rhomboids,Mid / Low Traps & Rhomboids | Rear Delts | Biceps (Brachii) | Lats / teres major,Mid / Low Traps & Rhomboids=1 | Rear Delts=0.5 | Biceps (Brachii)=0.5 | Lats / teres major=0.25,Flared elbows and deliberate scapular retraction emphasize upper-back retractors; posterior shoulder and elbow flexors assist. Lats receive only minor credit in this path.,medium,Mid / Low Traps & Rhomboids=medium | Rear Delts=medium | Biceps (Brachii)=medium | Lats / teres major=medium,anatomy-upper,"Direct evidence for this exact setup is limited. Fractions are conservative bookkeeping estimates, not measured hypertrophy equivalence. Sets are per side: one prescribed set means one set on each side; do not double bilateral group volume."
p5-chest-supported-fixed-path-row,Chest-Supported Fixed-Path Row,,Selectorized machine,Horizontal pull — tucked elbows,bilateral,external,"Chest pad, linked neutral handles, elbows drive toward hips.",Lats / teres major,Lats / teres major | Mid / Low Traps & Rhomboids | Biceps (Brachii) | Rear Delts,Lats / teres major=1 | Mid / Low Traps & Rhomboids=0.5 | Biceps (Brachii)=0.5 | Rear Delts=0.25,"Tucked-elbow shoulder extension emphasizes lats; scapular retraction, elbow flexion and posterior shoulder assistance earn bounded supporting credits.",medium,Lats / teres major=medium | Mid / Low Traps & Rhomboids=medium | Biceps (Brachii)=medium | Rear Delts=medium,anatomy-upper | pull,"Direct evidence for this exact setup is limited. Fractions are conservative bookkeeping estimates, not measured hypertrophy equivalence."
p5-unilateral-seated-machine-row,Unilateral Seated Machine Row,,Selectorized machine,Horizontal pull — tucked elbows,unilateral,external,Independent handle in horizontal path; chest pad limits torso rotation.,Lats / teres major,Lats / teres major | Mid / Low Traps & Rhomboids | Biceps (Brachii) | Rear Delts,Lats / teres major=1 | Mid / Low Traps & Rhomboids=0.5 | Biceps (Brachii)=0.5 | Rear Delts=0.25,"Tucked-elbow shoulder extension emphasizes lats; scapular retraction, elbow flexion and posterior shoulder assistance earn bounded supporting credits.",medium,Lats / teres major=medium | Mid / Low Traps & Rhomboids=medium | Biceps (Brachii)=medium | Rear Delts=medium,anatomy-upper | pull,"Direct evidence for this exact setup is limited. Fractions are conservative bookkeeping estimates, not measured hypertrophy equivalence. Sets are per side: one prescribed set means one set on each side; do not double bilateral group volume."
p5-chest-supported-lever-t-bar-row,Chest-Supported Lever T-Bar Row,,Plate-loaded machine,Horizontal pull — tucked elbows,bilateral,external,Inclined torso pad and close handles; lever arc draws toward waist.,Lats / teres major,Lats / teres major | Mid / Low Traps & Rhomboids | Biceps (Brachii) | Rear Delts,Lats / teres major=1 | Mid / Low Traps & Rhomboids=0.5 | Biceps (Brachii)=0.5 | Rear Delts=0.25,"Tucked-elbow shoulder extension emphasizes lats; scapular retraction, elbow flexion and posterior shoulder assistance earn bounded supporting credits.",medium,Lats / teres major=medium | Mid / Low Traps & Rhomboids=medium | Biceps (Brachii)=medium | Rear Delts=medium,anatomy-upper | pull,"Direct evidence for this exact setup is limited. Fractions are conservative bookkeeping estimates, not measured hypertrophy equivalence."
p5-independent-lever-low-row,Independent-Lever Low Row,,Plate-loaded machine,Horizontal pull — tucked elbows,bilateral,external,Supported torso with separate handles pulling from forward-low position.,Lats / teres major,Lats / teres major | Mid / Low Traps & Rhomboids | Biceps (Brachii) | Rear Delts,Lats / teres major=1 | Mid / Low Traps & Rhomboids=0.5 | Biceps (Brachii)=0.5 | Rear Delts=0.25,"Tucked-elbow shoulder extension emphasizes lats; scapular retraction, elbow flexion and posterior shoulder assistance earn bounded supporting credits.",medium,Lats / teres major=medium | Mid / Low Traps & Rhomboids=medium | Biceps (Brachii)=medium | Rear Delts=medium,anatomy-upper | pull,"Direct evidence for this exact setup is limited. Fractions are conservative bookkeeping estimates, not measured hypertrophy equivalence."
p5-chest-supported-wide-lever-row,Chest-Supported Wide Lever Row,,Plate-loaded machine,Horizontal pull — flared elbows,bilateral,external,Wide handles and chest pad; elbow flare and scapular retraction define the movement.,Mid / Low Traps & Rhomboids,Mid / Low Traps & Rhomboids | Rear Delts | Biceps (Brachii) | Lats / teres major,Mid / Low Traps & Rhomboids=1 | Rear Delts=0.5 | Biceps (Brachii)=0.5 | Lats / teres major=0.25,Flared elbows and deliberate scapular retraction emphasize upper-back retractors; posterior shoulder and elbow flexors assist. Lats receive only minor credit in this path.,medium,Mid / Low Traps & Rhomboids=medium | Rear Delts=medium | Biceps (Brachii)=medium | Lats / teres major=medium,anatomy-upper,"Direct evidence for this exact setup is limited. Fractions are conservative bookkeeping estimates, not measured hypertrophy equivalence."
p5-smith-bent-over-row,Smith Bent-Over Row,,Smith machine,Horizontal pull — tucked elbows,bilateral,external,"Hinge torso, fixed bar path toward waist, elbows tucked.",Lats / teres major,Lats / teres major | Mid / Low Traps & Rhomboids | Biceps (Brachii) | Rear Delts,Lats / teres major=1 | Mid / Low Traps & Rhomboids=0.5 | Biceps (Brachii)=0.5 | Rear Delts=0.25,"Tucked-elbow shoulder extension emphasizes lats; scapular retraction, elbow flexion and posterior shoulder assistance earn bounded supporting credits.",medium,Lats / teres major=medium | Mid / Low Traps & Rhomboids=medium | Biceps (Brachii)=medium | Rear Delts=medium,anatomy-upper | pull,"Direct evidence for this exact setup is limited. Fractions are conservative bookkeeping estimates, not measured hypertrophy equivalence. Machine lever arms, cable routing, cams and seat settings vary; match the described joint path rather than a product label."
p5-seated-band-row,Seated Band Row,,Resistance band,Horizontal pull — tucked elbows,bilateral,external,Band anchored ahead at waist height; elbows pull toward hips.,Lats / teres major,Lats / teres major | Mid / Low Traps & Rhomboids | Biceps (Brachii) | Rear Delts,Lats / teres major=1 | Mid / Low Traps & Rhomboids=0.5 | Biceps (Brachii)=0.5 | Rear Delts=0.25,"Tucked-elbow shoulder extension emphasizes lats; scapular retraction, elbow flexion and posterior shoulder assistance earn bounded supporting credits.",medium,Lats / teres major=medium | Mid / Low Traps & Rhomboids=medium | Biceps (Brachii)=medium | Rear Delts=medium,anatomy-upper | pull,"Direct evidence for this exact setup is limited. Fractions are conservative bookkeeping estimates, not measured hypertrophy equivalence."
p5-standing-band-row,Standing Band Row,,Resistance band,Horizontal pull — tucked elbows,bilateral,external,"Mid-torso anchor; split stance, no torso swing.",Lats / teres major,Lats / teres major | Mid / Low Traps & Rhomboids | Biceps (Brachii) | Rear Delts,Lats / teres major=1 | Mid / Low Traps & Rhomboids=0.5 | Biceps (Brachii)=0.5 | Rear Delts=0.25,"Tucked-elbow shoulder extension emphasizes lats; scapular retraction, elbow flexion and posterior shoulder assistance earn bounded supporting credits.",medium,Lats / teres major=medium | Mid / Low Traps & Rhomboids=medium | Biceps (Brachii)=medium | Rear Delts=medium,anatomy-upper | pull,"Direct evidence for this exact setup is limited. Fractions are conservative bookkeeping estimates, not measured hypertrophy equivalence."
p5-single-arm-kettlebell-row,Single-Arm Kettlebell Row,Single-Arm KB Row,Kettlebell,Horizontal pull — tucked elbows,unilateral,external,"One hand braced on bench; bell hangs below hand, elbow tracks toward hip.",Lats / teres major,Lats / teres major | Mid / Low Traps & Rhomboids | Biceps (Brachii) | Rear Delts,Lats / teres major=1 | Mid / Low Traps & Rhomboids=0.5 | Biceps (Brachii)=0.5 | Rear Delts=0.25,"Tucked-elbow shoulder extension emphasizes lats; scapular retraction, elbow flexion and posterior shoulder assistance earn bounded supporting credits.",medium,Lats / teres major=medium | Mid / Low Traps & Rhomboids=medium | Biceps (Brachii)=medium | Rear Delts=medium,anatomy-upper | pull,"Direct evidence for this exact setup is limited. Fractions are conservative bookkeeping estimates, not measured hypertrophy equivalence. Sets are per side: one prescribed set means one set on each side; do not double bilateral group volume."
p5-inverted-row,Inverted Row,Australian pull-up | Body row,Bodyweight,Horizontal pull — tucked elbows,bilateral,bodyweight/weighted/assisted,"Fixed bar, straight trunk; pull lower chest to bar with moderately tucked elbows.",Lats / teres major,Lats / teres major | Mid / Low Traps & Rhomboids | Biceps (Brachii) | Rear Delts,Lats / teres major=1 | Mid / Low Traps & Rhomboids=0.5 | Biceps (Brachii)=0.5 | Rear Delts=0.25,"Tucked-elbow shoulder extension emphasizes lats; scapular retraction, elbow flexion and posterior shoulder assistance earn bounded supporting credits.",medium,Lats / teres major=medium | Mid / Low Traps & Rhomboids=medium | Biceps (Brachii)=medium | Rear Delts=medium,anatomy-upper | pull,"Direct evidence for this exact setup is limited. Fractions are conservative bookkeeping estimates, not measured hypertrophy equivalence. Added weight or counterweight assistance uses the same ID when joint path/ROM is unchanged; record load type in the plan."
p5-ring-row,Ring Row,Suspension row,Bodyweight,Horizontal pull — tucked elbows,bilateral,bodyweight/weighted/assisted,Suspended rings permit rotating grip; elbows near torso.,Lats / teres major,Lats / teres major | Mid / Low Traps & Rhomboids | Biceps (Brachii) | Rear Delts,Lats / teres major=1 | Mid / Low Traps & Rhomboids=0.5 | Biceps (Brachii)=0.5 | Rear Delts=0.25,"Tucked-elbow shoulder extension emphasizes lats; scapular retraction, elbow flexion and posterior shoulder assistance earn bounded supporting credits.",medium,Lats / teres major=medium | Mid / Low Traps & Rhomboids=medium | Biceps (Brachii)=medium | Rear Delts=medium,anatomy-upper | pull,"Direct evidence for this exact setup is limited. Fractions are conservative bookkeeping estimates, not measured hypertrophy equivalence. Added weight or counterweight assistance uses the same ID when joint path/ROM is unchanged; record load type in the plan."
p5-feet-elevated-inverted-row,Feet-Elevated Inverted Row,,Bodyweight,Horizontal pull — tucked elbows,bilateral,bodyweight/weighted/assisted,"Feet raised on bench, body near horizontal under fixed bar.",Lats / teres major,Lats / teres major | Mid / Low Traps & Rhomboids | Biceps (Brachii) | Rear Delts,Lats / teres major=1 | Mid / Low Traps & Rhomboids=0.5 | Biceps (Brachii)=0.5 | Rear Delts=0.25,"Tucked-elbow shoulder extension emphasizes lats; scapular retraction, elbow flexion and posterior shoulder assistance earn bounded supporting credits.",medium,Lats / teres major=medium | Mid / Low Traps & Rhomboids=medium | Biceps (Brachii)=medium | Rear Delts=medium,anatomy-upper | pull,"Direct evidence for this exact setup is limited. Fractions are conservative bookkeeping estimates, not measured hypertrophy equivalence. Added weight or counterweight assistance uses the same ID when joint path/ROM is unchanged; record load type in the plan."
p5-wide-grip-inverted-row,Wide-Grip Inverted Row,,Bodyweight,Horizontal pull — flared elbows,bilateral,bodyweight/weighted/assisted,"Overhand wide grip, elbows flared, pull upper chest toward bar.",Mid / Low Traps & Rhomboids,Mid / Low Traps & Rhomboids | Rear Delts | Biceps (Brachii) | Lats / teres major,Mid / Low Traps & Rhomboids=1 | Rear Delts=0.5 | Biceps (Brachii)=0.5 | Lats / teres major=0.25,Flared elbows and deliberate scapular retraction emphasize upper-back retractors; posterior shoulder and elbow flexors assist. Lats receive only minor credit in this path.,medium,Mid / Low Traps & Rhomboids=medium | Rear Delts=medium | Biceps (Brachii)=medium | Lats / teres major=medium,anatomy-upper,"Direct evidence for this exact setup is limited. Fractions are conservative bookkeeping estimates, not measured hypertrophy equivalence. Added weight or counterweight assistance uses the same ID when joint path/ROM is unchanged; record load type in the plan."
p5-pull-up,Pull-Up,Overhand pullup | Weighted pull-up | Assisted pull-up,Bodyweight,Vertical pull,bilateral,bodyweight/weighted/assisted,Shoulder-width pronated grip; pull elbows down without kipping.,Lats / teres major,Lats / teres major | Biceps (Brachii) | Mid / Low Traps & Rhomboids,Lats / teres major=1 | Biceps (Brachii)=0.5 | Mid / Low Traps & Rhomboids=0.25,Shoulder adduction/extension loads lats; elbow flexors contribute substantially and scapular movement supports modest grouped-back credit.,medium,Lats / teres major=medium | Biceps (Brachii)=medium | Mid / Low Traps & Rhomboids=medium,anatomy-upper | pull,"Direct evidence for this exact setup is limited. Fractions are conservative bookkeeping estimates, not measured hypertrophy equivalence. Added weight or counterweight assistance uses the same ID when joint path/ROM is unchanged; record load type in the plan."
p5-neutral-grip-pull-up,Neutral-Grip Pull-Up,Hammer-grip pull-up,Bodyweight,Vertical pull,bilateral,bodyweight/weighted/assisted,Parallel handles with palms facing; controlled full shoulder excursion.,Lats / teres major,Lats / teres major | Biceps (Brachii) | Mid / Low Traps & Rhomboids,Lats / teres major=1 | Biceps (Brachii)=0.5 | Mid / Low Traps & Rhomboids=0.25,Shoulder adduction/extension loads lats; elbow flexors contribute substantially and scapular movement supports modest grouped-back credit.,medium,Lats / teres major=medium | Biceps (Brachii)=medium | Mid / Low Traps & Rhomboids=medium,anatomy-upper | pull,"Direct evidence for this exact setup is limited. Fractions are conservative bookkeeping estimates, not measured hypertrophy equivalence. Added weight or counterweight assistance uses the same ID when joint path/ROM is unchanged; record load type in the plan."
p5-wide-grip-pull-up,Wide-Grip Pull-Up,,Bodyweight,Vertical pull,bilateral,bodyweight/weighted/assisted,Pronated grip about 1.5 times shoulder width; controlled ROM without behind-neck pulling.,Lats / teres major,Lats / teres major | Biceps (Brachii) | Mid / Low Traps & Rhomboids,Lats / teres major=1 | Biceps (Brachii)=0.5 | Mid / Low Traps & Rhomboids=0.25,Shoulder adduction/extension loads lats; elbow flexors contribute substantially and scapular movement supports modest grouped-back credit.,medium,Lats / teres major=medium | Biceps (Brachii)=medium | Mid / Low Traps & Rhomboids=medium,anatomy-upper | pull,"Direct evidence for this exact setup is limited. Fractions are conservative bookkeeping estimates, not measured hypertrophy equivalence. Added weight or counterweight assistance uses the same ID when joint path/ROM is unchanged; record load type in the plan."
p5-ring-chin-up,Ring Chin-Up,,Bodyweight,Vertical pull,bilateral,bodyweight/weighted/assisted,Rings rotate freely from neutral toward supinated grip; no kipping.,Lats / teres major,Lats / teres major | Biceps (Brachii) | Mid / Low Traps & Rhomboids,Lats / teres major=1 | Biceps (Brachii)=0.5 | Mid / Low Traps & Rhomboids=0.25,Shoulder adduction/extension loads lats; elbow flexors contribute substantially and scapular movement supports modest grouped-back credit.,medium,Lats / teres major=medium | Biceps (Brachii)=medium | Mid / Low Traps & Rhomboids=medium,anatomy-upper | pull,"Direct evidence for this exact setup is limited. Fractions are conservative bookkeeping estimates, not measured hypertrophy equivalence. Added weight or counterweight assistance uses the same ID when joint path/ROM is unchanged; record load type in the plan."
p5-band-assisted-pull-up,Band-Assisted Pull-Up,,Resistance band,Vertical pull,bilateral,assistance,Band under foot/knee on fixed overhand bar; assistance varies through ROM.,Lats / teres major,Lats / teres major | Biceps (Brachii) | Mid / Low Traps & Rhomboids,Lats / teres major=1 | Biceps (Brachii)=0.5 | Mid / Low Traps & Rhomboids=0.25,Shoulder adduction/extension loads lats; elbow flexors contribute substantially and scapular movement supports modest grouped-back credit.,medium,Lats / teres major=medium | Biceps (Brachii)=medium | Mid / Low Traps & Rhomboids=medium,anatomy-upper | pull,"Direct evidence for this exact setup is limited. Fractions are conservative bookkeeping estimates, not measured hypertrophy equivalence."
p5-band-lat-pulldown,Band Lat Pulldown,,Resistance band,Vertical pull,bilateral,external,High fixed anchor; kneel and pull elbows toward ribs.,Lats / teres major,Lats / teres major | Biceps (Brachii) | Mid / Low Traps & Rhomboids,Lats / teres major=1 | Biceps (Brachii)=0.5 | Mid / Low Traps & Rhomboids=0.25,Shoulder adduction/extension loads lats; elbow flexors contribute substantially and scapular movement supports modest grouped-back credit.,medium,Lats / teres major=medium | Biceps (Brachii)=medium | Mid / Low Traps & Rhomboids=medium,anatomy-upper | pull,"Direct evidence for this exact setup is limited. Fractions are conservative bookkeeping estimates, not measured hypertrophy equivalence."
p5-neutral-grip-lat-pulldown,Neutral-Grip Lat Pulldown,V-handle pulldown,Cable,Vertical pull,bilateral,external,"Close parallel handles; torso nearly upright, elbows travel toward ribs.",Lats / teres major,Lats / teres major | Biceps (Brachii) | Mid / Low Traps & Rhomboids,Lats / teres major=1 | Biceps (Brachii)=0.5 | Mid / Low Traps & Rhomboids=0.25,Shoulder adduction/extension loads lats; elbow flexors contribute substantially and scapular movement supports modest grouped-back credit.,medium,Lats / teres major=medium | Biceps (Brachii)=medium | Mid / Low Traps & Rhomboids=medium,anatomy-upper | pull,"Direct evidence for this exact setup is limited. Fractions are conservative bookkeeping estimates, not measured hypertrophy equivalence."
p5-underhand-lat-pulldown,Underhand Lat Pulldown,Reverse-grip pulldown,Cable,Vertical pull,bilateral,external,Shoulder-width supinated grip; pull in front to upper chest.,Lats / teres major,Lats / teres major | Biceps (Brachii) | Mid / Low Traps & Rhomboids,Lats / teres major=1 | Biceps (Brachii)=0.5 | Mid / Low Traps & Rhomboids=0.25,Shoulder adduction/extension loads lats; elbow flexors contribute substantially and scapular movement supports modest grouped-back credit.,medium,Lats / teres major=medium | Biceps (Brachii)=medium | Mid / Low Traps & Rhomboids=medium,anatomy-upper | pull,"Direct evidence for this exact setup is limited. Fractions are conservative bookkeeping estimates, not measured hypertrophy equivalence."
p5-single-arm-lat-pulldown,Single-Arm Lat Pulldown,,Cable,Vertical pull,unilateral,external,"One high handle, torso square, elbow travels toward hip.",Lats / teres major,Lats / teres major | Biceps (Brachii) | Mid / Low Traps & Rhomboids,Lats / teres major=1 | Biceps (Brachii)=0.5 | Mid / Low Traps & Rhomboids=0.25,Shoulder adduction/extension loads lats; elbow flexors contribute substantially and scapular movement supports modest grouped-back credit.,medium,Lats / teres major=medium | Biceps (Brachii)=medium | Mid / Low Traps & Rhomboids=medium,anatomy-upper | pull,"Direct evidence for this exact setup is limited. Fractions are conservative bookkeeping estimates, not measured hypertrophy equivalence. Sets are per side: one prescribed set means one set on each side; do not double bilateral group volume."
p5-half-kneeling-single-arm-cable-pulldown,Half-Kneeling Single-Arm Cable Pulldown,,Cable,Vertical pull,unilateral,external,High cable diagonally forward; one knee down and torso upright.,Lats / teres major,Lats / teres major | Biceps (Brachii) | Mid / Low Traps & Rhomboids,Lats / teres major=1 | Biceps (Brachii)=0.5 | Mid / Low Traps & Rhomboids=0.25,Shoulder adduction/extension loads lats; elbow flexors contribute substantially and scapular movement supports modest grouped-back credit.,medium,Lats / teres major=medium | Biceps (Brachii)=medium | Mid / Low Traps & Rhomboids=medium,anatomy-upper | pull,"Direct evidence for this exact setup is limited. Fractions are conservative bookkeeping estimates, not measured hypertrophy equivalence. Sets are per side: one prescribed set means one set on each side; do not double bilateral group volume."
p5-independent-lever-pulldown,Independent-Lever Pulldown,,Plate-loaded machine,Vertical pull,bilateral,external,Separate overhead levers descend in converging arc; no torso heave.,Lats / teres major,Lats / teres major | Biceps (Brachii) | Mid / Low Traps & Rhomboids,Lats / teres major=1 | Biceps (Brachii)=0.5 | Mid / Low Traps & Rhomboids=0.25,Shoulder adduction/extension loads lats; elbow flexors contribute substantially and scapular movement supports modest grouped-back credit.,medium,Lats / teres major=medium | Biceps (Brachii)=medium | Mid / Low Traps & Rhomboids=medium,anatomy-upper | pull,"Direct evidence for this exact setup is limited. Fractions are conservative bookkeeping estimates, not measured hypertrophy equivalence."
p5-diagonal-lever-high-row,Diagonal Lever High Row,,Plate-loaded machine,Vertical pull,bilateral,external,Chest pad; handles begin overhead-forward and descend toward lower ribs.,Lats / teres major,Lats / teres major | Biceps (Brachii) | Mid / Low Traps & Rhomboids,Lats / teres major=1 | Biceps (Brachii)=0.5 | Mid / Low Traps & Rhomboids=0.25,Shoulder adduction/extension loads lats; elbow flexors contribute substantially and scapular movement supports modest grouped-back credit.,medium,Lats / teres major=medium | Biceps (Brachii)=medium | Mid / Low Traps & Rhomboids=medium,anatomy-upper | pull,"Direct evidence for this exact setup is limited. Fractions are conservative bookkeeping estimates, not measured hypertrophy equivalence."
p5-machine-pullover,Machine Pullover,Nautilus-style pullover,Selectorized machine,Shoulder extension — nearly fixed elbow,bilateral,external,Elbow pads transfer load to upper arms; shoulder extension with elbow angle fixed.,Lats / teres major,Lats / teres major,Lats / teres major=1,Loaded shoulder extension targets lats/teres major while elbow angle stays nearly fixed; no automatic elbow-flexor or triceps credit.,medium,Lats / teres major=medium,anatomy-upper,"Direct evidence for this exact setup is limited. Fractions are conservative bookkeeping estimates, not measured hypertrophy equivalence."
p5-dumbbell-pullover,Dumbbell Pullover,DB Pullover,Dumbbell,Supine pullover,bilateral,external,"Lie lengthwise on bench; arc one dumbbell from overhead toward chest, elbows slightly bent.",Lats / teres major,Lats / teres major | Chest (pec major),Lats / teres major=1 | Chest (pec major)=0.5,"Overhead-to-chest shoulder extension can load lats and pectorals; the designated lat emphasis assumes a controlled, nearly fixed elbow angle.",low,Lats / teres major=low | Chest (pec major)=low,anatomy-upper,"Direct evidence for this exact setup is limited. Fractions are conservative bookkeeping estimates, not measured hypertrophy equivalence."
p5-band-straight-arm-pulldown,Band Straight-Arm Pulldown,,Resistance band,Shoulder extension — nearly fixed elbow,bilateral,external,High anchor; pull upper arms toward sides with fixed soft elbows.,Lats / teres major,Lats / teres major,Lats / teres major=1,Loaded shoulder extension targets lats/teres major while elbow angle stays nearly fixed; no automatic elbow-flexor or triceps credit.,medium,Lats / teres major=medium,anatomy-upper,"Direct evidence for this exact setup is limited. Fractions are conservative bookkeeping estimates, not measured hypertrophy equivalence."
p5-single-arm-cable-straight-arm-pulldown,Single-Arm Cable Straight-Arm Pulldown,,Cable,Shoulder extension — nearly fixed elbow,unilateral,external,"High pulley, one nearly straight arm; extend shoulder without torso rotation.",Lats / teres major,Lats / teres major,Lats / teres major=1,Loaded shoulder extension targets lats/teres major while elbow angle stays nearly fixed; no automatic elbow-flexor or triceps credit.,medium,Lats / teres major=medium,anatomy-upper,"Direct evidence for this exact setup is limited. Fractions are conservative bookkeeping estimates, not measured hypertrophy equivalence. Sets are per side: one prescribed set means one set on each side; do not double bilateral group volume."
p5-barbell-shrug,Barbell Shrug,BB Shrug,Barbell,Scapular elevation,bilateral,external,Arms straight at sides of torso; elevate and lower scapulae without rolling shoulders.,Upper Traps,Upper Traps,Upper Traps=1,Dynamic resisted scapular elevation directly loads upper trapezius; holding the implement does not earn forearm set credit.,medium,Upper Traps=medium,anatomy-upper,"Direct evidence for this exact setup is limited. Fractions are conservative bookkeeping estimates, not measured hypertrophy equivalence."
p5-dumbbell-shrug,Dumbbell Shrug,DB Shrug,Dumbbell,Scapular elevation,bilateral,external,Bells at sides; elevate scapulae through controlled comfortable ROM.,Upper Traps,Upper Traps,Upper Traps=1,Dynamic resisted scapular elevation directly loads upper trapezius; holding the implement does not earn forearm set credit.,medium,Upper Traps=medium,anatomy-upper,"Direct evidence for this exact setup is limited. Fractions are conservative bookkeeping estimates, not measured hypertrophy equivalence."
p5-incline-dumbbell-shrug,Incline Dumbbell Shrug,Incline DB Shrug,Dumbbell,Scapular elevation,bilateral,external,Chest on steep incline bench; scapular elevation follows inclined torso.,Upper Traps,Upper Traps,Upper Traps=1,Dynamic resisted scapular elevation directly loads upper trapezius; holding the implement does not earn forearm set credit.,medium,Upper Traps=medium,anatomy-upper,"Direct evidence for this exact setup is limited. Fractions are conservative bookkeeping estimates, not measured hypertrophy equivalence."
p5-trap-bar-shrug,Trap-Bar Shrug,Hex-bar shrug,Specialty bar,Scapular elevation,bilateral,external,Stand centered in hex bar; straight-arm scapular elevation.,Upper Traps,Upper Traps,Upper Traps=1,Dynamic resisted scapular elevation directly loads upper trapezius; holding the implement does not earn forearm set credit.,medium,Upper Traps=medium,anatomy-upper,"Direct evidence for this exact setup is limited. Fractions are conservative bookkeeping estimates, not measured hypertrophy equivalence."
p5-smith-shrug,Smith Shrug,,Smith machine,Scapular elevation,bilateral,external,Fixed bar in front; scapulae elevate with elbows extended.,Upper Traps,Upper Traps,Upper Traps=1,Dynamic resisted scapular elevation directly loads upper trapezius; holding the implement does not earn forearm set credit.,medium,Upper Traps=medium,anatomy-upper,"Direct evidence for this exact setup is limited. Fractions are conservative bookkeeping estimates, not measured hypertrophy equivalence. Machine lever arms, cable routing, cams and seat settings vary; match the described joint path rather than a product label."
p5-low-cable-shrug,Low-Cable Shrug,,Cable,Scapular elevation,bilateral,external,Handles from low pulleys; elevate scapulae without elbow flexion.,Upper Traps,Upper Traps,Upper Traps=1,Dynamic resisted scapular elevation directly loads upper trapezius; holding the implement does not earn forearm set credit.,medium,Upper Traps=medium,anatomy-upper,"Direct evidence for this exact setup is limited. Fractions are conservative bookkeeping estimates, not measured hypertrophy equivalence."
p5-lever-shrug,Lever Shrug,,Plate-loaded machine,Scapular elevation,bilateral,external,Standing lever handles beside body; machine pivot determines resistance arc.,Upper Traps,Upper Traps,Upper Traps=1,Dynamic resisted scapular elevation directly loads upper trapezius; holding the implement does not earn forearm set credit.,medium,Upper Traps=medium,anatomy-upper,"Direct evidence for this exact setup is limited. Fractions are conservative bookkeeping estimates, not measured hypertrophy equivalence."
p5-chest-supported-scapular-shrug,Chest-Supported Scapular Shrug,Kelso shrug,Dumbbell,Scapular retraction,bilateral,external,Prone low-incline bench; retract/protract scapulae with arms hanging and elbows fixed.,Mid / Low Traps & Rhomboids,Mid / Low Traps & Rhomboids,Mid / Low Traps & Rhomboids=1,Deliberate loaded scapular retraction targets the grouped retractors without counting elbow flexion or passive arm support.,medium,Mid / Low Traps & Rhomboids=medium,anatomy-upper,"Direct evidence for this exact setup is limited. Fractions are conservative bookkeeping estimates, not measured hypertrophy equivalence."
p5-cable-scapular-row,Cable Scapular Row,,Cable,Scapular retraction,bilateral,external,"Seated at low pulley; straight elbows, move scapulae through retraction and protraction.",Mid / Low Traps & Rhomboids,Mid / Low Traps & Rhomboids,Mid / Low Traps & Rhomboids=1,Deliberate loaded scapular retraction targets the grouped retractors without counting elbow flexion or passive arm support.,medium,Mid / Low Traps & Rhomboids=medium,anatomy-upper,"Direct evidence for this exact setup is limited. Fractions are conservative bookkeeping estimates, not measured hypertrophy equivalence."
p5-standing-barbell-curl,Standing Barbell Curl,Straight-bar curl | Standing BB Curl,Barbell,Supinated elbow flexion,bilateral,external,"Supinated grip, upper arms near sides; no hip drive.",Biceps (Brachii),Biceps (Brachii) | Brachialis | Brachioradial.,Biceps (Brachii)=1 | Brachialis=0.5 | Brachioradial.=0.25,"Supinated elbow flexion directly targets biceps; brachialis remains an elbow flexor and brachioradialis earns minor supporting credit, calibrated to source curls.",medium,Biceps (Brachii)=medium | Brachialis=medium | Brachioradial.=medium,anatomy-upper | elbow,"Direct evidence for this exact setup is limited. Fractions are conservative bookkeeping estimates, not measured hypertrophy equivalence."
p5-barbell-drag-curl,Barbell Drag Curl,BB Drag Curl,Barbell,Supinated elbow flexion,bilateral,external,Elbows move backward as bar slides close to torso; controlled elbow flexion.,Biceps (Brachii),Biceps (Brachii) | Brachialis | Brachioradial.,Biceps (Brachii)=1 | Brachialis=0.5 | Brachioradial.=0.25,"Supinated elbow flexion directly targets biceps; brachialis remains an elbow flexor and brachioradialis earns minor supporting credit, calibrated to source curls.",medium,Biceps (Brachii)=medium | Brachialis=medium | Brachioradial.=medium,anatomy-upper | elbow,"Direct evidence for this exact setup is limited. Fractions are conservative bookkeeping estimates, not measured hypertrophy equivalence."
p5-ez-bar-curl,EZ-Bar Curl,,Specialty bar,Supinated elbow flexion,bilateral,external,Semi-supinated angled grips; upper arms remain near sides.,Biceps (Brachii),Biceps (Brachii) | Brachialis | Brachioradial.,Biceps (Brachii)=1 | Brachialis=0.5 | Brachioradial.=0.25,"Supinated elbow flexion directly targets biceps; brachialis remains an elbow flexor and brachioradialis earns minor supporting credit, calibrated to source curls.",medium,Biceps (Brachii)=medium | Brachialis=medium | Brachioradial.=medium,anatomy-upper | elbow,"Direct evidence for this exact setup is limited. Fractions are conservative bookkeeping estimates, not measured hypertrophy equivalence."
p5-ez-bar-preacher-curl,EZ-Bar Preacher Curl,,Specialty bar,Supinated elbow flexion,bilateral,external,Upper arms supported on preacher pad; use angled supinated grip.,Biceps (Brachii),Biceps (Brachii) | Brachialis | Brachioradial.,Biceps (Brachii)=1 | Brachialis=0.5 | Brachioradial.=0.25,"Supinated elbow flexion directly targets biceps; brachialis remains an elbow flexor and brachioradialis earns minor supporting credit, calibrated to source curls.",medium,Biceps (Brachii)=medium | Brachialis=medium | Brachioradial.=medium,anatomy-upper | elbow,"Direct evidence for this exact setup is limited. Fractions are conservative bookkeeping estimates, not measured hypertrophy equivalence."
p5-ez-bar-spider-curl,EZ-Bar Spider Curl,,Specialty bar,Supinated elbow flexion,bilateral,external,"Prone inclined bench, arms hang forward freely; curl without shoulder swing.",Biceps (Brachii),Biceps (Brachii) | Brachialis | Brachioradial.,Biceps (Brachii)=1 | Brachialis=0.5 | Brachioradial.=0.25,"Supinated elbow flexion directly targets biceps; brachialis remains an elbow flexor and brachioradialis earns minor supporting credit, calibrated to source curls.",medium,Biceps (Brachii)=medium | Brachialis=medium | Brachioradial.=medium,anatomy-upper | elbow,"Direct evidence for this exact setup is limited. Fractions are conservative bookkeeping estimates, not measured hypertrophy equivalence."
p5-standing-dumbbell-supinating-curl,Standing Dumbbell Supinating Curl,Supinating dumbbell curl | Standing DB Supinating Curl,Dumbbell,Supinated elbow flexion,bilateral,external,"Start near neutral, supinate as elbow flexes; no shoulder swing.",Biceps (Brachii),Biceps (Brachii) | Brachialis | Brachioradial.,Biceps (Brachii)=1 | Brachialis=0.5 | Brachioradial.=0.25,"Supinated elbow flexion directly targets biceps; brachialis remains an elbow flexor and brachioradialis earns minor supporting credit, calibrated to source curls.",medium,Biceps (Brachii)=medium | Brachialis=medium | Brachioradial.=medium,anatomy-upper | elbow,"Direct evidence for this exact setup is limited. Fractions are conservative bookkeeping estimates, not measured hypertrophy equivalence."
p5-seated-dumbbell-curl,Seated Dumbbell Curl,Seated DB Curl,Dumbbell,Supinated elbow flexion,bilateral,external,"Upright bench, palms supinated, elbows near sides.",Biceps (Brachii),Biceps (Brachii) | Brachialis | Brachioradial.,Biceps (Brachii)=1 | Brachialis=0.5 | Brachioradial.=0.25,"Supinated elbow flexion directly targets biceps; brachialis remains an elbow flexor and brachioradialis earns minor supporting credit, calibrated to source curls.",medium,Biceps (Brachii)=medium | Brachialis=medium | Brachioradial.=medium,anatomy-upper | elbow,"Direct evidence for this exact setup is limited. Fractions are conservative bookkeeping estimates, not measured hypertrophy equivalence."
p5-dumbbell-preacher-curl,Dumbbell Preacher Curl,One-arm preacher curl | DB Preacher Curl,Dumbbell,Supinated elbow flexion,unilateral,external,One upper arm supported on sloped pad; supinated hand.,Biceps (Brachii),Biceps (Brachii) | Brachialis | Brachioradial.,Biceps (Brachii)=1 | Brachialis=0.5 | Brachioradial.=0.25,"Supinated elbow flexion directly targets biceps; brachialis remains an elbow flexor and brachioradialis earns minor supporting credit, calibrated to source curls.",medium,Biceps (Brachii)=medium | Brachialis=medium | Brachioradial.=medium,anatomy-upper | elbow,"Direct evidence for this exact setup is limited. Fractions are conservative bookkeeping estimates, not measured hypertrophy equivalence. Sets are per side: one prescribed set means one set on each side; do not double bilateral group volume."
p5-dumbbell-concentration-curl,Dumbbell Concentration Curl,DB Concentration Curl,Dumbbell,Supinated elbow flexion,unilateral,external,Seated with upper arm braced against inner thigh; supinated elbow flexion.,Biceps (Brachii),Biceps (Brachii) | Brachialis | Brachioradial.,Biceps (Brachii)=1 | Brachialis=0.5 | Brachioradial.=0.25,"Supinated elbow flexion directly targets biceps; brachialis remains an elbow flexor and brachioradialis earns minor supporting credit, calibrated to source curls.",medium,Biceps (Brachii)=medium | Brachialis=medium | Brachioradial.=medium,anatomy-upper | elbow,"Direct evidence for this exact setup is limited. Fractions are conservative bookkeeping estimates, not measured hypertrophy equivalence. Sets are per side: one prescribed set means one set on each side; do not double bilateral group volume."
p5-dumbbell-spider-curl,Dumbbell Spider Curl,DB Spider Curl,Dumbbell,Supinated elbow flexion,bilateral,external,"Prone incline bench; upper arms hang below shoulders, palms supinated.",Biceps (Brachii),Biceps (Brachii) | Brachialis | Brachioradial.,Biceps (Brachii)=1 | Brachialis=0.5 | Brachioradial.=0.25,"Supinated elbow flexion directly targets biceps; brachialis remains an elbow flexor and brachioradialis earns minor supporting credit, calibrated to source curls.",medium,Biceps (Brachii)=medium | Brachialis=medium | Brachioradial.=medium,anatomy-upper | elbow,"Direct evidence for this exact setup is limited. Fractions are conservative bookkeeping estimates, not measured hypertrophy equivalence."
p5-standing-cable-curl,Standing Cable Curl,Low-pulley curl,Cable,Supinated elbow flexion,bilateral,external,"Low pulley ahead, supinated handle, upper arms near sides.",Biceps (Brachii),Biceps (Brachii) | Brachialis | Brachioradial.,Biceps (Brachii)=1 | Brachialis=0.5 | Brachioradial.=0.25,"Supinated elbow flexion directly targets biceps; brachialis remains an elbow flexor and brachioradialis earns minor supporting credit, calibrated to source curls.",medium,Biceps (Brachii)=medium | Brachialis=medium | Brachioradial.=medium,anatomy-upper | elbow,"Direct evidence for this exact setup is limited. Fractions are conservative bookkeeping estimates, not measured hypertrophy equivalence."
p5-behind-body-cable-curl,Behind-Body Cable Curl,Bayesian curl,Cable,Supinated elbow flexion,unilateral,external,"One low pulley behind body, upper arm slightly extended; supinated curl.",Biceps (Brachii),Biceps (Brachii) | Brachialis | Brachioradial.,Biceps (Brachii)=1 | Brachialis=0.5 | Brachioradial.=0.25,"Supinated elbow flexion directly targets biceps; brachialis remains an elbow flexor and brachioradialis earns minor supporting credit, calibrated to source curls. Matched-profile cable curl research found growth in both biceps and brachialis without a clear shoulder-position advantage; the study does not validate the fractional ratio.",medium,Biceps (Brachii)=medium | Brachialis=medium | Brachioradial.=medium,anatomy-upper | elbow | curl-position,"Direct evidence for this exact setup is limited. Fractions are conservative bookkeeping estimates, not measured hypertrophy equivalence. Sets are per side: one prescribed set means one set on each side; do not double bilateral group volume."
p5-high-cable-curl,High-Cable Curl,Double-biceps cable curl,Cable,Supinated elbow flexion,bilateral,external,Upper arms raised to sides at shoulder height; curl handles toward temples.,Biceps (Brachii),Biceps (Brachii) | Brachialis | Brachioradial.,Biceps (Brachii)=1 | Brachialis=0.5 | Brachioradial.=0.25,"Supinated elbow flexion directly targets biceps; brachialis remains an elbow flexor and brachioradialis earns minor supporting credit, calibrated to source curls.",medium,Biceps (Brachii)=medium | Brachialis=medium | Brachioradial.=medium,anatomy-upper | elbow,"Direct evidence for this exact setup is limited. Fractions are conservative bookkeeping estimates, not measured hypertrophy equivalence."
p5-cable-preacher-curl,Cable Preacher Curl,,Cable,Supinated elbow flexion,bilateral,external,Upper arms supported on preacher pad; low cable resists elbow flexion.,Biceps (Brachii),Biceps (Brachii) | Brachialis | Brachioradial.,Biceps (Brachii)=1 | Brachialis=0.5 | Brachioradial.=0.25,"Supinated elbow flexion directly targets biceps; brachialis remains an elbow flexor and brachioradialis earns minor supporting credit, calibrated to source curls. Matched-profile cable curl research found growth in both biceps and brachialis without a clear shoulder-position advantage; the study does not validate the fractional ratio.",medium,Biceps (Brachii)=medium | Brachialis=medium | Brachioradial.=medium,anatomy-upper | elbow | curl-position,"Direct evidence for this exact setup is limited. Fractions are conservative bookkeeping estimates, not measured hypertrophy equivalence."
p5-seated-arm-curl-machine,Seated Arm-Curl Machine,,Selectorized machine,Supinated elbow flexion,bilateral,external,"Upper arms beside torso on supports; pivot aligned with elbows, distinct from preacher angle.",Biceps (Brachii),Biceps (Brachii) | Brachialis | Brachioradial.,Biceps (Brachii)=1 | Brachialis=0.5 | Brachioradial.=0.25,"Supinated elbow flexion directly targets biceps; brachialis remains an elbow flexor and brachioradialis earns minor supporting credit, calibrated to source curls.",medium,Biceps (Brachii)=medium | Brachialis=medium | Brachioradial.=medium,anatomy-upper | elbow,"Direct evidence for this exact setup is limited. Fractions are conservative bookkeeping estimates, not measured hypertrophy equivalence."
p5-band-supinated-curl,Band Supinated Curl,,Resistance band,Supinated elbow flexion,bilateral,external,"Stand on band, palms up; curl through rising resistance.",Biceps (Brachii),Biceps (Brachii) | Brachialis | Brachioradial.,Biceps (Brachii)=1 | Brachialis=0.5 | Brachioradial.=0.25,"Supinated elbow flexion directly targets biceps; brachialis remains an elbow flexor and brachioradialis earns minor supporting credit, calibrated to source curls.",medium,Biceps (Brachii)=medium | Brachialis=medium | Brachioradial.=medium,anatomy-upper | elbow,"Direct evidence for this exact setup is limited. Fractions are conservative bookkeeping estimates, not measured hypertrophy equivalence."
p5-cross-body-hammer-curl,Cross-Body Hammer Curl,,Dumbbell,Neutral-grip elbow flexion,alternating,external,Neutral hand; curl across torso toward opposite shoulder with minimal shoulder movement.,Brachialis,Brachialis | Biceps (Brachii) | Brachioradial.,Brachialis=1 | Biceps (Brachii)=0.5 | Brachioradial.=0.5,Neutral forearm position preserves all three elbow flexors; the source hammer-curl convention designates brachialis primary. Exact partition is not experimentally established.,medium,Brachialis=medium | Biceps (Brachii)=medium | Brachioradial.=medium,anatomy-upper | elbow,"Direct evidence for this exact setup is limited. Fractions are conservative bookkeeping estimates, not measured hypertrophy equivalence. Sets are per side: one prescribed set means one set on each side; do not double bilateral group volume."
p5-incline-dumbbell-hammer-curl,Incline Dumbbell Hammer Curl,Incline DB Hammer Curl,Dumbbell,Neutral-grip elbow flexion,bilateral,external,"Reclined bench, arms behind trunk line, neutral grip.",Brachialis,Brachialis | Biceps (Brachii) | Brachioradial.,Brachialis=1 | Biceps (Brachii)=0.5 | Brachioradial.=0.5,Neutral forearm position preserves all three elbow flexors; the source hammer-curl convention designates brachialis primary. Exact partition is not experimentally established.,medium,Brachialis=medium | Biceps (Brachii)=medium | Brachioradial.=medium,anatomy-upper | elbow,"Direct evidence for this exact setup is limited. Fractions are conservative bookkeeping estimates, not measured hypertrophy equivalence."
p5-rope-hammer-curl,Rope Hammer Curl,,Cable,Neutral-grip elbow flexion,bilateral,external,Low pulley ahead; palms face each other on rope ends.,Brachialis,Brachialis | Biceps (Brachii) | Brachioradial.,Brachialis=1 | Biceps (Brachii)=0.5 | Brachioradial.=0.5,Neutral forearm position preserves all three elbow flexors; the source hammer-curl convention designates brachialis primary. Exact partition is not experimentally established.,medium,Brachialis=medium | Biceps (Brachii)=medium | Brachioradial.=medium,anatomy-upper | elbow,"Direct evidence for this exact setup is limited. Fractions are conservative bookkeeping estimates, not measured hypertrophy equivalence."
p5-cable-hammer-preacher-curl,Cable Hammer Preacher Curl,,Cable,Neutral-grip elbow flexion,bilateral,external,Neutral grip with upper arm braced on preacher pad.,Brachialis,Brachialis | Biceps (Brachii) | Brachioradial.,Brachialis=1 | Biceps (Brachii)=0.5 | Brachioradial.=0.5,Neutral forearm position preserves all three elbow flexors; the source hammer-curl convention designates brachialis primary. Exact partition is not experimentally established.,medium,Brachialis=medium | Biceps (Brachii)=medium | Brachioradial.=medium,anatomy-upper | elbow,"Direct evidence for this exact setup is limited. Fractions are conservative bookkeeping estimates, not measured hypertrophy equivalence."
p5-swiss-bar-hammer-curl,Swiss-Bar Hammer Curl,,Specialty bar,Neutral-grip elbow flexion,bilateral,external,Neutral parallel grips on multi-grip bar; elbows near sides.,Brachialis,Brachialis | Biceps (Brachii) | Brachioradial.,Brachialis=1 | Biceps (Brachii)=0.5 | Brachioradial.=0.5,Neutral forearm position preserves all three elbow flexors; the source hammer-curl convention designates brachialis primary. Exact partition is not experimentally established.,medium,Brachialis=medium | Biceps (Brachii)=medium | Brachioradial.=medium,anatomy-upper | elbow,"Direct evidence for this exact setup is limited. Fractions are conservative bookkeeping estimates, not measured hypertrophy equivalence."
p5-band-hammer-curl,Band Hammer Curl,,Resistance band,Neutral-grip elbow flexion,bilateral,external,Stand on band and grasp neutral handles; controlled elbow flexion.,Brachialis,Brachialis | Biceps (Brachii) | Brachioradial.,Brachialis=1 | Biceps (Brachii)=0.5 | Brachioradial.=0.5,Neutral forearm position preserves all three elbow flexors; the source hammer-curl convention designates brachialis primary. Exact partition is not experimentally established.,medium,Brachialis=medium | Biceps (Brachii)=medium | Brachioradial.=medium,anatomy-upper | elbow,"Direct evidence for this exact setup is limited. Fractions are conservative bookkeeping estimates, not measured hypertrophy equivalence."
p5-barbell-reverse-curl,Barbell Reverse Curl,BB Reverse Curl,Barbell,Pronated elbow flexion,bilateral,external,"Overhand grip, upper arms near sides; wrist stays neutral.",Brachioradial.,Brachioradial. | Brachialis | Biceps (Brachii),Brachioradial.=1 | Brachialis=0.5 | Biceps (Brachii)=0.25,Pronation reduces biceps mechanical advantage; brachioradialis is designated the target while brachialis still flexes the elbow. Wrist stabilization alone is not counted.,low,Brachioradial.=low | Brachialis=low | Biceps (Brachii)=low,anatomy-upper | elbow,"Direct evidence for this exact setup is limited. Fractions are conservative bookkeeping estimates, not measured hypertrophy equivalence."
p5-ez-bar-reverse-curl,EZ-Bar Reverse Curl,,Specialty bar,Pronated elbow flexion,bilateral,external,Angled pronated grip; upper arms near sides.,Brachioradial.,Brachioradial. | Brachialis | Biceps (Brachii),Brachioradial.=1 | Brachialis=0.5 | Biceps (Brachii)=0.25,Pronation reduces biceps mechanical advantage; brachioradialis is designated the target while brachialis still flexes the elbow. Wrist stabilization alone is not counted.,low,Brachioradial.=low | Brachialis=low | Biceps (Brachii)=low,anatomy-upper | elbow,"Direct evidence for this exact setup is limited. Fractions are conservative bookkeeping estimates, not measured hypertrophy equivalence."
p5-cable-reverse-curl,Cable Reverse Curl,,Cable,Pronated elbow flexion,bilateral,external,Low pulley and pronated straight bar; no wrist curl.,Brachioradial.,Brachioradial. | Brachialis | Biceps (Brachii),Brachioradial.=1 | Brachialis=0.5 | Biceps (Brachii)=0.25,Pronation reduces biceps mechanical advantage; brachioradialis is designated the target while brachialis still flexes the elbow. Wrist stabilization alone is not counted.,low,Brachioradial.=low | Brachialis=low | Biceps (Brachii)=low,anatomy-upper | elbow,"Direct evidence for this exact setup is limited. Fractions are conservative bookkeeping estimates, not measured hypertrophy equivalence."
p5-dumbbell-reverse-curl,Dumbbell Reverse Curl,DB Reverse Curl,Dumbbell,Pronated elbow flexion,bilateral,external,Palms down throughout; upper arms stay beside torso.,Brachioradial.,Brachioradial. | Brachialis | Biceps (Brachii),Brachioradial.=1 | Brachialis=0.5 | Biceps (Brachii)=0.25,Pronation reduces biceps mechanical advantage; brachioradialis is designated the target while brachialis still flexes the elbow. Wrist stabilization alone is not counted.,low,Brachioradial.=low | Brachialis=low | Biceps (Brachii)=low,anatomy-upper | elbow,"Direct evidence for this exact setup is limited. Fractions are conservative bookkeeping estimates, not measured hypertrophy equivalence."
p5-zottman-curl,Zottman Curl,,Dumbbell,Pronated elbow flexion,bilateral,external,"Supinate on upward curl, rotate to pronation for controlled lowering; both phases share one set.",Brachioradial.,Brachioradial. | Brachialis | Biceps (Brachii),Brachioradial.=1 | Brachialis=0.5 | Biceps (Brachii)=0.25,Pronation reduces biceps mechanical advantage; brachioradialis is designated the target while brachialis still flexes the elbow. Wrist stabilization alone is not counted.,low,Brachioradial.=low | Brachialis=low | Biceps (Brachii)=low,anatomy-upper | elbow,"Direct evidence for this exact setup is limited. Fractions are conservative bookkeeping estimates, not measured hypertrophy equivalence."
p5-close-grip-barbell-bench-press,Close-Grip Barbell Bench Press,Close-grip bench press | Close-Grip BB Bench Press,Barbell,Elbow-extension biased press,bilateral,external,"Hands near shoulder width; elbows tucked, press from lower chest.",Triceps,Triceps | Chest (pec major) | Anterior Delts,Triceps=1 | Chest (pec major)=0.5 | Anterior Delts=0.25,Close elbow path emphasizes loaded elbow extension; chest and anterior deltoid still move the upper arm. Full triceps credit is an anatomical inference for this specified technique.,medium,Triceps=medium | Chest (pec major)=medium | Anterior Delts=medium,anatomy-upper | press,"Direct evidence for this exact setup is limited. Fractions are conservative bookkeeping estimates, not measured hypertrophy equivalence."
p5-smith-close-grip-bench-press,Smith Close-Grip Bench Press,,Smith machine,Elbow-extension biased press,bilateral,external,Flat bench; shoulder-width grip and tucked elbow path.,Triceps,Triceps | Chest (pec major) | Anterior Delts,Triceps=1 | Chest (pec major)=0.5 | Anterior Delts=0.25,Close elbow path emphasizes loaded elbow extension; chest and anterior deltoid still move the upper arm. Full triceps credit is an anatomical inference for this specified technique.,medium,Triceps=medium | Chest (pec major)=medium | Anterior Delts=medium,anatomy-upper | press,"Direct evidence for this exact setup is limited. Fractions are conservative bookkeeping estimates, not measured hypertrophy equivalence. Machine lever arms, cable routing, cams and seat settings vary; match the described joint path rather than a product label."
p5-neutral-grip-dumbbell-floor-press,Neutral-Grip Dumbbell Floor Press,Neutral-Grip DB Floor Press,Dumbbell,Elbow-extension biased press,bilateral,external,Palms face each other and elbows tucked; floor limits shoulder extension.,Triceps,Triceps | Chest (pec major) | Anterior Delts,Triceps=1 | Chest (pec major)=0.5 | Anterior Delts=0.25,Close elbow path emphasizes loaded elbow extension; chest and anterior deltoid still move the upper arm. Full triceps credit is an anatomical inference for this specified technique.,medium,Triceps=medium | Chest (pec major)=medium | Anterior Delts=medium,anatomy-upper | press,"Direct evidence for this exact setup is limited. Fractions are conservative bookkeeping estimates, not measured hypertrophy equivalence."
p5-lying-dumbbell-triceps-extension,Lying Dumbbell Triceps Extension,Dumbbell skull crusher | Lying DB Triceps Extension,Dumbbell,Elbow extension,bilateral,external,"Flat bench; upper arms near vertical, bend and straighten elbows.",Triceps,Triceps,Triceps=1,Loaded elbow extension directly trains triceps; shoulder position changes head-specific loading but does not justify extra whole-muscle set credit.,medium,Triceps=medium,anatomy-upper | triceps,"Direct evidence for this exact setup is limited. Fractions are conservative bookkeeping estimates, not measured hypertrophy equivalence."
p5-seated-dumbbell-overhead-triceps-extension,Seated Dumbbell Overhead Triceps Extension,French press with dumbbell | Seated DB Overhead Triceps Extension,Dumbbell,Elbow extension,bilateral,external,Both hands hold one bell overhead; keep upper arms elevated.,Triceps,Triceps,Triceps=1,Loaded elbow extension directly trains triceps; shoulder position changes head-specific loading but does not justify extra whole-muscle set credit.,medium,Triceps=medium,anatomy-upper | triceps,"Direct evidence for this exact setup is limited. Fractions are conservative bookkeeping estimates, not measured hypertrophy equivalence."
p5-single-arm-dumbbell-overhead-extension,Single-Arm Dumbbell Overhead Extension,Single-Arm DB Overhead Extension,Dumbbell,Elbow extension,unilateral,external,"One upper arm overhead, elbow flexes behind head within comfortable ROM.",Triceps,Triceps,Triceps=1,Loaded elbow extension directly trains triceps; shoulder position changes head-specific loading but does not justify extra whole-muscle set credit.,medium,Triceps=medium,anatomy-upper | triceps,"Direct evidence for this exact setup is limited. Fractions are conservative bookkeeping estimates, not measured hypertrophy equivalence. Sets are per side: one prescribed set means one set on each side; do not double bilateral group volume."
p5-dumbbell-triceps-kickback,Dumbbell Triceps Kickback,DB Triceps Kickback,Dumbbell,Elbow extension,unilateral,external,"Upper arm held beside inclined torso, elbow extends behind body.",Triceps,Triceps,Triceps=1,Loaded elbow extension directly trains triceps; shoulder position changes head-specific loading but does not justify extra whole-muscle set credit.,medium,Triceps=medium,anatomy-upper | triceps,"Direct evidence for this exact setup is limited. Fractions are conservative bookkeeping estimates, not measured hypertrophy equivalence. Sets are per side: one prescribed set means one set on each side; do not double bilateral group volume."
p5-ez-bar-lying-triceps-extension,EZ-Bar Lying Triceps Extension,EZ-bar skull crusher,Specialty bar,Elbow extension,bilateral,external,"Supine bench; upper arms slightly behind vertical, flex elbows toward forehead.",Triceps,Triceps,Triceps=1,Loaded elbow extension directly trains triceps; shoulder position changes head-specific loading but does not justify extra whole-muscle set credit.,medium,Triceps=medium,anatomy-upper | triceps,"Direct evidence for this exact setup is limited. Fractions are conservative bookkeeping estimates, not measured hypertrophy equivalence."
p5-ez-bar-incline-triceps-extension,EZ-Bar Incline Triceps Extension,,Specialty bar,Elbow extension,bilateral,external,"Inclined bench, upper arms overhead relative to torso; elbow extension.",Triceps,Triceps,Triceps=1,Loaded elbow extension directly trains triceps; shoulder position changes head-specific loading but does not justify extra whole-muscle set credit.,medium,Triceps=medium,anatomy-upper | triceps,"Direct evidence for this exact setup is limited. Fractions are conservative bookkeeping estimates, not measured hypertrophy equivalence."
p5-barbell-lying-triceps-extension,Barbell Lying Triceps Extension,Barbell skull crusher | BB Lying Triceps Extension,Barbell,Elbow extension,bilateral,external,"Supine flat bench, shoulder-width grip; elbows flex near forehead.",Triceps,Triceps,Triceps=1,Loaded elbow extension directly trains triceps; shoulder position changes head-specific loading but does not justify extra whole-muscle set credit.,medium,Triceps=medium,anatomy-upper | triceps,"Direct evidence for this exact setup is limited. Fractions are conservative bookkeeping estimates, not measured hypertrophy equivalence."
p5-single-arm-cable-pushdown,Single-Arm Cable Pushdown,,Cable,Elbow extension,unilateral,external,"One handle at high pulley, upper arm beside trunk; extend elbow.",Triceps,Triceps,Triceps=1,Loaded elbow extension directly trains triceps; shoulder position changes head-specific loading but does not justify extra whole-muscle set credit.,medium,Triceps=medium,anatomy-upper | triceps,"Direct evidence for this exact setup is limited. Fractions are conservative bookkeeping estimates, not measured hypertrophy equivalence. Sets are per side: one prescribed set means one set on each side; do not double bilateral group volume."
p5-single-arm-overhead-cable-extension,Single-Arm Overhead Cable Extension,,Cable,Elbow extension,unilateral,external,One low or mid pulley behind; upper arm elevated; elbow extension.,Triceps,Triceps,Triceps=1,Loaded elbow extension directly trains triceps; shoulder position changes head-specific loading but does not justify extra whole-muscle set credit.,medium,Triceps=medium,anatomy-upper | triceps,"Direct evidence for this exact setup is limited. Fractions are conservative bookkeeping estimates, not measured hypertrophy equivalence. Sets are per side: one prescribed set means one set on each side; do not double bilateral group volume."
p5-cross-body-cable-triceps-extension,Cross-Body Cable Triceps Extension,,Cable,Elbow extension,unilateral,external,High cable across torso; upper arm slightly abducted and held still.,Triceps,Triceps,Triceps=1,Loaded elbow extension directly trains triceps; shoulder position changes head-specific loading but does not justify extra whole-muscle set credit.,medium,Triceps=medium,anatomy-upper | triceps,"Direct evidence for this exact setup is limited. Fractions are conservative bookkeeping estimates, not measured hypertrophy equivalence. Sets are per side: one prescribed set means one set on each side; do not double bilateral group volume."
p5-cable-triceps-kickback,Cable Triceps Kickback,,Cable,Elbow extension,unilateral,external,Low pulley ahead; upper arm near horizontal behind trunk line; extend elbow.,Triceps,Triceps,Triceps=1,Loaded elbow extension directly trains triceps; shoulder position changes head-specific loading but does not justify extra whole-muscle set credit.,medium,Triceps=medium,anatomy-upper | triceps,"Direct evidence for this exact setup is limited. Fractions are conservative bookkeeping estimates, not measured hypertrophy equivalence. Sets are per side: one prescribed set means one set on each side; do not double bilateral group volume."
p5-lying-cable-triceps-extension,Lying Cable Triceps Extension,,Cable,Elbow extension,bilateral,external,Flat bench with cable behind head; extend elbows with upper arms elevated.,Triceps,Triceps,Triceps=1,Loaded elbow extension directly trains triceps; shoulder position changes head-specific loading but does not justify extra whole-muscle set credit.,medium,Triceps=medium,anatomy-upper | triceps,"Direct evidence for this exact setup is limited. Fractions are conservative bookkeeping estimates, not measured hypertrophy equivalence."
p5-seated-triceps-extension-machine,Seated Triceps Extension Machine,,Selectorized machine,Elbow extension,bilateral,external,Upper arms rest on forward pad; elbow pivot aligned; extend forearms.,Triceps,Triceps,Triceps=1,Loaded elbow extension directly trains triceps; shoulder position changes head-specific loading but does not justify extra whole-muscle set credit.,medium,Triceps=medium,anatomy-upper | triceps,"Direct evidence for this exact setup is limited. Fractions are conservative bookkeeping estimates, not measured hypertrophy equivalence."
p5-seated-lever-dip-press,Seated Lever Dip Press,,Plate-loaded machine,Elbow-extension biased press,bilateral,external,"Upright supported torso; press handles down with elbows tucked, substantial elbow extension.",Triceps,Triceps | Chest (pec major) | Anterior Delts,Triceps=1 | Chest (pec major)=0.5 | Anterior Delts=0.25,Close elbow path emphasizes loaded elbow extension; chest and anterior deltoid still move the upper arm. Full triceps credit is an anatomical inference for this specified technique.,medium,Triceps=medium | Chest (pec major)=medium | Anterior Delts=medium,anatomy-upper | press,"Direct evidence for this exact setup is limited. Fractions are conservative bookkeeping estimates, not measured hypertrophy equivalence."
p5-band-triceps-pushdown,Band Triceps Pushdown,,Resistance band,Elbow extension,bilateral,external,"High anchor, elbows beside torso; extend against rising band tension.",Triceps,Triceps,Triceps=1,Loaded elbow extension directly trains triceps; shoulder position changes head-specific loading but does not justify extra whole-muscle set credit.,medium,Triceps=medium,anatomy-upper | triceps,"Direct evidence for this exact setup is limited. Fractions are conservative bookkeeping estimates, not measured hypertrophy equivalence."
p5-band-overhead-triceps-extension,Band Overhead Triceps Extension,,Resistance band,Elbow extension,bilateral,external,"Anchor behind, upper arms overhead, bend and extend elbows.",Triceps,Triceps,Triceps=1,Loaded elbow extension directly trains triceps; shoulder position changes head-specific loading but does not justify extra whole-muscle set credit.,medium,Triceps=medium,anatomy-upper | triceps,"Direct evidence for this exact setup is limited. Fractions are conservative bookkeeping estimates, not measured hypertrophy equivalence."
p5-bodyweight-triceps-extension,Bodyweight Triceps Extension,Bodyweight skull crusher,Bodyweight,Elbow extension,bilateral,bodyweight,"Hands on fixed waist-height bar; rigid torso, bend elbows to bring forehead toward hands.",Triceps,Triceps,Triceps=1,Loaded elbow extension directly trains triceps; shoulder position changes head-specific loading but does not justify extra whole-muscle set credit.,medium,Triceps=medium,anatomy-upper | triceps,"Direct evidence for this exact setup is limited. Fractions are conservative bookkeeping estimates, not measured hypertrophy equivalence."
p5-suspension-triceps-extension,Suspension Triceps Extension,,Bodyweight,Elbow extension,bilateral,bodyweight,Hands in suspension handles; lean forward and flex/extend elbows while shoulders stay set.,Triceps,Triceps,Triceps=1,Loaded elbow extension directly trains triceps; shoulder position changes head-specific loading but does not justify extra whole-muscle set credit.,medium,Triceps=medium,anatomy-upper | triceps,"Direct evidence for this exact setup is limited. Fractions are conservative bookkeeping estimates, not measured hypertrophy equivalence."
p5-high-bar-back-squat,High-Bar Back Squat,High-bar squat,Barbell,Deep hip-and-knee extension,bilateral,external,"Bar on upper traps; descend below parallel as controlled mobility allows, with substantial hip and knee flexion.",Quads,Quads | Glute max | Adductors,Quads=1 | Glute max=1 | Adductors=0.5,Substantial knee and hip excursion loads quads and glute max as prime movers; adductor magnus assists hip extension. Full glute credit is conditional on the specified deep ROM.,medium,Quads=medium | Glute max=medium | Adductors=medium,anatomy-lower | squat | hip-thrust,"Direct evidence for this exact setup is limited. Fractions are conservative bookkeeping estimates, not measured hypertrophy equivalence."
p5-front-squat,Front Squat,Barbell front squat,Barbell,Deep hip-and-knee extension,bilateral,external,Front rack; deep controlled knee/hip flexion with upright torso.,Quads,Quads | Glute max | Adductors,Quads=1 | Glute max=1 | Adductors=0.5,Substantial knee and hip excursion loads quads and glute max as prime movers; adductor magnus assists hip extension. Full glute credit is conditional on the specified deep ROM.,medium,Quads=medium | Glute max=medium | Adductors=medium,anatomy-lower | squat | hip-thrust,"Direct evidence for this exact setup is limited. Fractions are conservative bookkeeping estimates, not measured hypertrophy equivalence."
p5-low-bar-back-squat,Low-Bar Back Squat,Low-bar squat,Barbell,Squat / knee-dominant press,bilateral,external,"Bar across rear deltoids, moderate stance; descend to at least parallel, greater torso inclination.",Quads,Quads | Glute max | Adductors,Quads=1 | Glute max=0.5 | Adductors=0.25,Knee extension earns full quad credit; meaningful hip extension earns glute and adductor assistance. Hamstrings and spinal bracing are not automatically credited.,medium,Quads=medium | Glute max=medium | Adductors=medium,anatomy-lower | squat | hip-thrust,"Direct evidence for this exact setup is limited. Fractions are conservative bookkeeping estimates, not measured hypertrophy equivalence."
p5-barbell-box-squat,Barbell Box Squat,BB Box Squat,Barbell,Squat / knee-dominant press,bilateral,external,"Sit back to box near parallel under control, pause without relaxing trunk, then stand.",Quads,Quads | Glute max | Adductors,Quads=1 | Glute max=0.5 | Adductors=0.25,Knee extension earns full quad credit; meaningful hip extension earns glute and adductor assistance. Hamstrings and spinal bracing are not automatically credited.,medium,Quads=medium | Glute max=medium | Adductors=medium,anatomy-lower | squat | hip-thrust,"Direct evidence for this exact setup is limited. Fractions are conservative bookkeeping estimates, not measured hypertrophy equivalence."
p5-dumbbell-goblet-squat,Dumbbell Goblet Squat,DB Goblet Squat,Dumbbell,Deep hip-and-knee extension,bilateral,external,"One bell held at chest; deep controlled squat, whole foot supported.",Quads,Quads | Glute max | Adductors,Quads=1 | Glute max=1 | Adductors=0.5,Substantial knee and hip excursion loads quads and glute max as prime movers; adductor magnus assists hip extension. Full glute credit is conditional on the specified deep ROM.,medium,Quads=medium | Glute max=medium | Adductors=medium,anatomy-lower | squat | hip-thrust,"Direct evidence for this exact setup is limited. Fractions are conservative bookkeeping estimates, not measured hypertrophy equivalence."
p5-double-dumbbell-front-squat,Double-Dumbbell Front Squat,Double-DB Front Squat,Dumbbell,Deep hip-and-knee extension,bilateral,external,Bells at shoulders; deep controlled squat with upright trunk.,Quads,Quads | Glute max | Adductors,Quads=1 | Glute max=1 | Adductors=0.5,Substantial knee and hip excursion loads quads and glute max as prime movers; adductor magnus assists hip extension. Full glute credit is conditional on the specified deep ROM.,medium,Quads=medium | Glute max=medium | Adductors=medium,anatomy-lower | squat | hip-thrust,"Direct evidence for this exact setup is limited. Fractions are conservative bookkeeping estimates, not measured hypertrophy equivalence."
p5-double-kettlebell-front-squat,Double-Kettlebell Front Squat,Double-KB Front Squat,Kettlebell,Deep hip-and-knee extension,bilateral,external,"Two bells in rack, descend into deep squat.",Quads,Quads | Glute max | Adductors,Quads=1 | Glute max=1 | Adductors=0.5,Substantial knee and hip excursion loads quads and glute max as prime movers; adductor magnus assists hip extension. Full glute credit is conditional on the specified deep ROM.,medium,Quads=medium | Glute max=medium | Adductors=medium,anatomy-lower | squat | hip-thrust,"Direct evidence for this exact setup is limited. Fractions are conservative bookkeeping estimates, not measured hypertrophy equivalence."
p5-kettlebell-goblet-squat,Kettlebell Goblet Squat,KB Goblet Squat,Kettlebell,Deep hip-and-knee extension,bilateral,external,Bell held by horns at chest; deep squat with full-foot support.,Quads,Quads | Glute max | Adductors,Quads=1 | Glute max=1 | Adductors=0.5,Substantial knee and hip excursion loads quads and glute max as prime movers; adductor magnus assists hip extension. Full glute credit is conditional on the specified deep ROM.,medium,Quads=medium | Glute max=medium | Adductors=medium,anatomy-lower | squat | hip-thrust,"Direct evidence for this exact setup is limited. Fractions are conservative bookkeeping estimates, not measured hypertrophy equivalence."
p5-safety-bar-squat,Safety-Bar Squat,SSB squat,Specialty bar,Deep hip-and-knee extension,bilateral,external,"Padded yoke on shoulders, handles ahead; deep squat without pulling on handles.",Quads,Quads | Glute max | Adductors,Quads=1 | Glute max=1 | Adductors=0.5,Substantial knee and hip excursion loads quads and glute max as prime movers; adductor magnus assists hip extension. Full glute credit is conditional on the specified deep ROM.,medium,Quads=medium | Glute max=medium | Adductors=medium,anatomy-lower | squat | hip-thrust,"Direct evidence for this exact setup is limited. Fractions are conservative bookkeeping estimates, not measured hypertrophy equivalence."
p5-zercher-squat,Zercher Squat,,Specialty bar,Deep hip-and-knee extension,bilateral,external,Bar cradled in elbow crooks; controlled deep squat.,Quads,Quads | Glute max | Adductors,Quads=1 | Glute max=1 | Adductors=0.5,Substantial knee and hip excursion loads quads and glute max as prime movers; adductor magnus assists hip extension. Full glute credit is conditional on the specified deep ROM.,medium,Quads=medium | Glute max=medium | Adductors=medium,anatomy-lower | squat | hip-thrust,"Direct evidence for this exact setup is limited. Fractions are conservative bookkeeping estimates, not measured hypertrophy equivalence."
p5-smith-squat,Smith Squat,,Smith machine,Squat / knee-dominant press,bilateral,external,"Feet modestly ahead of fixed bar, descend to parallel with controlled knee tracking.",Quads,Quads | Glute max | Adductors,Quads=1 | Glute max=0.5 | Adductors=0.25,Knee extension earns full quad credit; meaningful hip extension earns glute and adductor assistance. Hamstrings and spinal bracing are not automatically credited.,medium,Quads=medium | Glute max=medium | Adductors=medium,anatomy-lower | squat | hip-thrust,"Direct evidence for this exact setup is limited. Fractions are conservative bookkeeping estimates, not measured hypertrophy equivalence. Machine lever arms, cable routing, cams and seat settings vary; match the described joint path rather than a product label."
p5-smith-heel-elevated-squat,Smith Heel-Elevated Squat,,Smith machine,Squat / knee-dominant press,bilateral,external,"Heels on stable wedge, upright torso, knees travel forward through comfortable ROM.",Quads,Quads | Glute max | Adductors,Quads=1 | Glute max=0.5 | Adductors=0.25,Knee extension earns full quad credit; meaningful hip extension earns glute and adductor assistance. Hamstrings and spinal bracing are not automatically credited.,medium,Quads=medium | Glute max=medium | Adductors=medium,anatomy-lower | squat | hip-thrust,"Direct evidence for this exact setup is limited. Fractions are conservative bookkeeping estimates, not measured hypertrophy equivalence. Machine lever arms, cable routing, cams and seat settings vary; match the described joint path rather than a product label."
p5-pendulum-squat,Pendulum Squat,,Plate-loaded machine,Squat / knee-dominant press,bilateral,external,Back pad follows long rotating lever arc; depth and foot platform set knee/hip loading.,Quads,Quads | Glute max | Adductors,Quads=1 | Glute max=0.5 | Adductors=0.25,Knee extension earns full quad credit; meaningful hip extension earns glute and adductor assistance. Hamstrings and spinal bracing are not automatically credited.,medium,Quads=medium | Glute max=medium | Adductors=medium,anatomy-lower | squat | hip-thrust,"Direct evidence for this exact setup is limited. Fractions are conservative bookkeeping estimates, not measured hypertrophy equivalence."
p5-belt-squat,Belt Squat,Hip-belt squat,Plate-loaded machine,Squat / knee-dominant press,bilateral,external,Load attached at hips; squat to parallel while torso stays upright.,Quads,Quads | Glute max | Adductors,Quads=1 | Glute max=0.5 | Adductors=0.25,Knee extension earns full quad credit; meaningful hip extension earns glute and adductor assistance. Hamstrings and spinal bracing are not automatically credited.,medium,Quads=medium | Glute max=medium | Adductors=medium,anatomy-lower | squat | hip-thrust,"Direct evidence for this exact setup is limited. Fractions are conservative bookkeeping estimates, not measured hypertrophy equivalence."
p5-horizontal-lever-leg-press,Horizontal Lever Leg Press,,Plate-loaded machine,Squat / knee-dominant press,bilateral,external,Seat fixed; feet drive a pivoting platform through controlled hip/knee extension.,Quads,Quads | Glute max | Adductors,Quads=1 | Glute max=0.5 | Adductors=0.25,Knee extension earns full quad credit; meaningful hip extension earns glute and adductor assistance. Hamstrings and spinal bracing are not automatically credited.,medium,Quads=medium | Glute max=medium | Adductors=medium,anatomy-lower | squat | hip-thrust,"Direct evidence for this exact setup is limited. Fractions are conservative bookkeeping estimates, not measured hypertrophy equivalence."
p5-vertical-leg-press,Vertical Leg Press,,Plate-loaded machine,Squat / knee-dominant press,bilateral,external,"Supine under vertically moving platform; pelvis stays supported, no lumbar rounding.",Quads,Quads | Glute max | Adductors,Quads=1 | Glute max=0.5 | Adductors=0.25,Knee extension earns full quad credit; meaningful hip extension earns glute and adductor assistance. Hamstrings and spinal bracing are not automatically credited.,medium,Quads=medium | Glute max=medium | Adductors=medium,anatomy-lower | squat | hip-thrust,"Direct evidence for this exact setup is limited. Fractions are conservative bookkeeping estimates, not measured hypertrophy equivalence."
p5-horizontal-seated-leg-press,Horizontal Seated Leg Press,,Selectorized machine,Squat / knee-dominant press,bilateral,external,Seat/platform travels horizontally against cable stack; maintain pelvis contact through ROM.,Quads,Quads | Glute max | Adductors,Quads=1 | Glute max=0.5 | Adductors=0.25,Knee extension earns full quad credit; meaningful hip extension earns glute and adductor assistance. Hamstrings and spinal bracing are not automatically credited.,medium,Quads=medium | Glute max=medium | Adductors=medium,anatomy-lower | squat | hip-thrust,"Direct evidence for this exact setup is limited. Fractions are conservative bookkeeping estimates, not measured hypertrophy equivalence."
p5-single-leg-seated-leg-press,Single-Leg Seated Leg Press,,Selectorized machine,Squat / knee-dominant press,unilateral,external,"One foot on platform; supported pelvis, controlled knee/hip extension.",Quads,Quads | Glute max | Adductors,Quads=1 | Glute max=0.5 | Adductors=0.25,Knee extension earns full quad credit; meaningful hip extension earns glute and adductor assistance. Hamstrings and spinal bracing are not automatically credited.,medium,Quads=medium | Glute max=medium | Adductors=medium,anatomy-lower | squat | hip-thrust,"Direct evidence for this exact setup is limited. Fractions are conservative bookkeeping estimates, not measured hypertrophy equivalence. Sets are per side: one prescribed set means one set on each side; do not double bilateral group volume."
p5-landmine-squat,Landmine Squat,,Landmine,Squat / knee-dominant press,bilateral,external,Bar end held at chest; follow arc downward while maintaining full-foot pressure.,Quads,Quads | Glute max | Adductors,Quads=1 | Glute max=0.5 | Adductors=0.25,Knee extension earns full quad credit; meaningful hip extension earns glute and adductor assistance. Hamstrings and spinal bracing are not automatically credited.,medium,Quads=medium | Glute max=medium | Adductors=medium,anatomy-lower | squat | hip-thrust,"Direct evidence for this exact setup is limited. Fractions are conservative bookkeeping estimates, not measured hypertrophy equivalence."
p5-band-squat,Band Squat,,Resistance band,Squat / knee-dominant press,bilateral,external,"Stand on band, handles at shoulders; squat through controlled hip/knee flexion.",Quads,Quads | Glute max | Adductors,Quads=1 | Glute max=0.5 | Adductors=0.25,Knee extension earns full quad credit; meaningful hip extension earns glute and adductor assistance. Hamstrings and spinal bracing are not automatically credited.,medium,Quads=medium | Glute max=medium | Adductors=medium,anatomy-lower | squat | hip-thrust,"Direct evidence for this exact setup is limited. Fractions are conservative bookkeeping estimates, not measured hypertrophy equivalence."
p5-bodyweight-squat,Bodyweight Squat,Air squat,Bodyweight,Squat / knee-dominant press,bilateral,bodyweight,"Whole-foot stance, controlled squat to parallel or deeper.",Quads,Quads | Glute max | Adductors,Quads=1 | Glute max=0.5 | Adductors=0.25,Knee extension earns full quad credit; meaningful hip extension earns glute and adductor assistance. Hamstrings and spinal bracing are not automatically credited.,medium,Quads=medium | Glute max=medium | Adductors=medium,anatomy-lower | squat | hip-thrust,"Direct evidence for this exact setup is limited. Fractions are conservative bookkeeping estimates, not measured hypertrophy equivalence."
p5-assisted-sissy-squat,Assisted Sissy Squat,,Bodyweight,Knee extension,bilateral,bodyweight,Hold stable support; knees travel forward while hips stay relatively extended.,Quads,Quads,Quads=1,Resisted knee extension directly trains quadriceps; pelvic and ankle stabilization are not credited.,medium,Quads=medium,anatomy-lower,"Direct evidence for this exact setup is limited. Fractions are conservative bookkeeping estimates, not measured hypertrophy equivalence."
p5-dumbbell-split-squat,Dumbbell Split Squat,Static dumbbell lunge | DB Split Squat,Dumbbell,Unilateral squat / lunge,unilateral,external,"Stationary staggered stance; rear toes supported, front knee and hip flex together.",Quads,Quads | Glute max | Adductors,Quads=1 | Glute max=0.5 | Adductors=0.25,Working-leg knee and hip extension load quads with glute/adductor assistance. Balance demand does not automatically earn glute med/min credit.,medium,Quads=medium | Glute max=medium | Adductors=medium,anatomy-lower | squat,"Direct evidence for this exact setup is limited. Fractions are conservative bookkeeping estimates, not measured hypertrophy equivalence. Sets are per side: one prescribed set means one set on each side; do not double bilateral group volume."
p5-dumbbell-rear-foot-elevated-split-squat,Dumbbell Rear-Foot-Elevated Split Squat,Bulgarian split squat | DB Rear-Foot-Elevated Split Squat,Dumbbell,Unilateral squat / lunge,unilateral,external,"Rear foot on bench, moderate stride and upright torso; lower front knee/hip under control.",Quads,Quads | Glute max | Adductors,Quads=1 | Glute max=0.5 | Adductors=0.25,Working-leg knee and hip extension load quads with glute/adductor assistance. Balance demand does not automatically earn glute med/min credit.,medium,Quads=medium | Glute max=medium | Adductors=medium,anatomy-lower | squat,"Direct evidence for this exact setup is limited. Fractions are conservative bookkeeping estimates, not measured hypertrophy equivalence. Sets are per side: one prescribed set means one set on each side; do not double bilateral group volume."
p5-dumbbell-reverse-lunge,Dumbbell Reverse Lunge,DB Reverse Lunge,Dumbbell,Unilateral squat / lunge,unilateral,external,Step backward and lower; drive through front leg to return.,Quads,Quads | Glute max | Adductors,Quads=1 | Glute max=0.5 | Adductors=0.25,Working-leg knee and hip extension load quads with glute/adductor assistance. Balance demand does not automatically earn glute med/min credit.,medium,Quads=medium | Glute max=medium | Adductors=medium,anatomy-lower | squat,"Direct evidence for this exact setup is limited. Fractions are conservative bookkeeping estimates, not measured hypertrophy equivalence. Sets are per side: one prescribed set means one set on each side; do not double bilateral group volume."
p5-dumbbell-walking-lunge,Dumbbell Walking Lunge,DB Walking Lunge,Dumbbell,Unilateral squat / lunge,unilateral,external,"Step forward each rep, moderate stride; count reps per leg.",Quads,Quads | Glute max | Adductors,Quads=1 | Glute max=0.5 | Adductors=0.25,Working-leg knee and hip extension load quads with glute/adductor assistance. Balance demand does not automatically earn glute med/min credit.,medium,Quads=medium | Glute max=medium | Adductors=medium,anatomy-lower | squat,"Direct evidence for this exact setup is limited. Fractions are conservative bookkeeping estimates, not measured hypertrophy equivalence. Sets are per side: one prescribed set means one set on each side; do not double bilateral group volume."
p5-dumbbell-step-up,Dumbbell Step-Up,DB Step-Up,Dumbbell,Unilateral squat / lunge,unilateral,external,"Stable box near knee height; rise using lead leg, minimize trailing-foot push.",Quads,Quads | Glute max | Adductors,Quads=1 | Glute max=0.5 | Adductors=0.25,Working-leg knee and hip extension load quads with glute/adductor assistance. Balance demand does not automatically earn glute med/min credit.,medium,Quads=medium | Glute max=medium | Adductors=medium,anatomy-lower | squat,"Direct evidence for this exact setup is limited. Fractions are conservative bookkeeping estimates, not measured hypertrophy equivalence. Sets are per side: one prescribed set means one set on each side; do not double bilateral group volume."
p5-dumbbell-lateral-lunge,Dumbbell Lateral Lunge,DB Lateral Lunge,Dumbbell,Unilateral squat / lunge,unilateral,external,Step sideways and sit into moving hip/knee while other leg stays straighter.,Quads,Quads | Glute max | Adductors,Quads=1 | Glute max=0.5 | Adductors=0.25,Working-leg knee and hip extension load quads with glute/adductor assistance. Balance demand does not automatically earn glute med/min credit.,medium,Quads=medium | Glute max=medium | Adductors=medium,anatomy-lower | squat,"Direct evidence for this exact setup is limited. Fractions are conservative bookkeeping estimates, not measured hypertrophy equivalence. Sets are per side: one prescribed set means one set on each side; do not double bilateral group volume."
p5-long-stride-rear-foot-elevated-split-squat,Long-Stride Rear-Foot-Elevated Split Squat,Glute-biased Bulgarian split squat,Dumbbell,Long-stride unilateral squat,unilateral,external,"Rear foot on bench; longer stance, forward torso and substantial front-hip flexion.",Glute max,Glute max | Quads | Adductors,Glute max=1 | Quads=0.5 | Adductors=0.25,"Long stride, forward torso and deep working-hip flexion emphasize hip extension while retaining substantial knee-extension work.",low,Glute max=low | Quads=low | Adductors=low,anatomy-lower | glute-review,"Direct evidence for this exact setup is limited. Fractions are conservative bookkeeping estimates, not measured hypertrophy equivalence. Sets are per side: one prescribed set means one set on each side; do not double bilateral group volume."
p5-barbell-split-squat,Barbell Split Squat,BB Split Squat,Barbell,Unilateral squat / lunge,unilateral,external,"Bar on upper back, stationary staggered stance; front knee and hip flex together.",Quads,Quads | Glute max | Adductors,Quads=1 | Glute max=0.5 | Adductors=0.25,Working-leg knee and hip extension load quads with glute/adductor assistance. Balance demand does not automatically earn glute med/min credit.,medium,Quads=medium | Glute max=medium | Adductors=medium,anatomy-lower | squat,"Direct evidence for this exact setup is limited. Fractions are conservative bookkeeping estimates, not measured hypertrophy equivalence. Sets are per side: one prescribed set means one set on each side; do not double bilateral group volume."
p5-barbell-reverse-lunge,Barbell Reverse Lunge,BB Reverse Lunge,Barbell,Unilateral squat / lunge,unilateral,external,"Bar on back; step backward under control, return using front leg.",Quads,Quads | Glute max | Adductors,Quads=1 | Glute max=0.5 | Adductors=0.25,Working-leg knee and hip extension load quads with glute/adductor assistance. Balance demand does not automatically earn glute med/min credit.,medium,Quads=medium | Glute max=medium | Adductors=medium,anatomy-lower | squat,"Direct evidence for this exact setup is limited. Fractions are conservative bookkeeping estimates, not measured hypertrophy equivalence. Sets are per side: one prescribed set means one set on each side; do not double bilateral group volume."
p5-barbell-step-up,Barbell Step-Up,BB Step-Up,Barbell,Unilateral squat / lunge,unilateral,external,"Stable box, bar on upper back; lead-leg drive with minimal push from trailing leg.",Quads,Quads | Glute max | Adductors,Quads=1 | Glute max=0.5 | Adductors=0.25,Working-leg knee and hip extension load quads with glute/adductor assistance. Balance demand does not automatically earn glute med/min credit.,medium,Quads=medium | Glute max=medium | Adductors=medium,anatomy-lower | squat,"Direct evidence for this exact setup is limited. Fractions are conservative bookkeeping estimates, not measured hypertrophy equivalence. Sets are per side: one prescribed set means one set on each side; do not double bilateral group volume."
p5-smith-split-squat,Smith Split Squat,,Smith machine,Unilateral squat / lunge,unilateral,external,Stationary staggered stance under fixed bar; front knee and hip flex together.,Quads,Quads | Glute max | Adductors,Quads=1 | Glute max=0.5 | Adductors=0.25,Working-leg knee and hip extension load quads with glute/adductor assistance. Balance demand does not automatically earn glute med/min credit.,medium,Quads=medium | Glute max=medium | Adductors=medium,anatomy-lower | squat,"Direct evidence for this exact setup is limited. Fractions are conservative bookkeeping estimates, not measured hypertrophy equivalence. Machine lever arms, cable routing, cams and seat settings vary; match the described joint path rather than a product label. Sets are per side: one prescribed set means one set on each side; do not double bilateral group volume."
p5-smith-rear-foot-elevated-split-squat,Smith Rear-Foot-Elevated Split Squat,,Smith machine,Unilateral squat / lunge,unilateral,external,"Rear foot on stable bench; fixed bar path, moderate stride.",Quads,Quads | Glute max | Adductors,Quads=1 | Glute max=0.5 | Adductors=0.25,Working-leg knee and hip extension load quads with glute/adductor assistance. Balance demand does not automatically earn glute med/min credit.,medium,Quads=medium | Glute max=medium | Adductors=medium,anatomy-lower | squat,"Direct evidence for this exact setup is limited. Fractions are conservative bookkeeping estimates, not measured hypertrophy equivalence. Machine lever arms, cable routing, cams and seat settings vary; match the described joint path rather than a product label. Sets are per side: one prescribed set means one set on each side; do not double bilateral group volume."
p5-bodyweight-split-squat,Bodyweight Split Squat,,Bodyweight,Unilateral squat / lunge,unilateral,bodyweight/weighted/assisted,"Stationary staggered stance, front leg performs most work.",Quads,Quads | Glute max | Adductors,Quads=1 | Glute max=0.5 | Adductors=0.25,Working-leg knee and hip extension load quads with glute/adductor assistance. Balance demand does not automatically earn glute med/min credit.,medium,Quads=medium | Glute max=medium | Adductors=medium,anatomy-lower | squat,"Direct evidence for this exact setup is limited. Fractions are conservative bookkeeping estimates, not measured hypertrophy equivalence. Sets are per side: one prescribed set means one set on each side; do not double bilateral group volume. Added weight or counterweight assistance uses the same ID when joint path/ROM is unchanged; record load type in the plan."
p5-pistol-squat,Pistol Squat,,Bodyweight,Unilateral squat / lunge,unilateral,bodyweight/weighted/assisted,Single-leg squat with free leg forward; use support if needed to retain controlled ROM.,Quads,Quads | Glute max | Adductors,Quads=1 | Glute max=0.5 | Adductors=0.25,Working-leg knee and hip extension load quads with glute/adductor assistance. Balance demand does not automatically earn glute med/min credit.,medium,Quads=medium | Glute max=medium | Adductors=medium,anatomy-lower | squat,"Direct evidence for this exact setup is limited. Fractions are conservative bookkeeping estimates, not measured hypertrophy equivalence. Sets are per side: one prescribed set means one set on each side; do not double bilateral group volume. Added weight or counterweight assistance uses the same ID when joint path/ROM is unchanged; record load type in the plan."
p5-skater-squat,Skater Squat,,Bodyweight,Unilateral squat / lunge,unilateral,bodyweight/weighted/assisted,Single-leg squat with free knee bending behind; descend without rear-foot push.,Quads,Quads | Glute max | Adductors,Quads=1 | Glute max=0.5 | Adductors=0.25,Working-leg knee and hip extension load quads with glute/adductor assistance. Balance demand does not automatically earn glute med/min credit.,medium,Quads=medium | Glute max=medium | Adductors=medium,anatomy-lower | squat,"Direct evidence for this exact setup is limited. Fractions are conservative bookkeeping estimates, not measured hypertrophy equivalence. Sets are per side: one prescribed set means one set on each side; do not double bilateral group volume. Added weight or counterweight assistance uses the same ID when joint path/ROM is unchanged; record load type in the plan."
p5-landmine-reverse-lunge,Landmine Reverse Lunge,,Landmine,Unilateral squat / lunge,unilateral,external,Bar end held at chest; step backward and rise with front leg.,Quads,Quads | Glute max | Adductors,Quads=1 | Glute max=0.5 | Adductors=0.25,Working-leg knee and hip extension load quads with glute/adductor assistance. Balance demand does not automatically earn glute med/min credit.,medium,Quads=medium | Glute max=medium | Adductors=medium,anatomy-lower | squat,"Direct evidence for this exact setup is limited. Fractions are conservative bookkeeping estimates, not measured hypertrophy equivalence. Sets are per side: one prescribed set means one set on each side; do not double bilateral group volume."
p5-single-leg-leg-extension,Single-Leg Leg Extension,,Selectorized machine,Knee extension,unilateral,external,"One shin under pad; align knee with machine pivot, keep hips supported.",Quads,Quads,Quads=1,Resisted knee extension directly trains quadriceps; pelvic and ankle stabilization are not credited.,medium,Quads=medium,anatomy-lower,"Direct evidence for this exact setup is limited. Fractions are conservative bookkeeping estimates, not measured hypertrophy equivalence. Sets are per side: one prescribed set means one set on each side; do not double bilateral group volume."
p5-seated-cable-leg-extension,Seated Cable Leg Extension,,Cable,Knee extension,unilateral,external,"Ankle cuff and low cable behind; thigh supported, extend knee.",Quads,Quads,Quads=1,Resisted knee extension directly trains quadriceps; pelvic and ankle stabilization are not credited.,medium,Quads=medium,anatomy-lower,"Direct evidence for this exact setup is limited. Fractions are conservative bookkeeping estimates, not measured hypertrophy equivalence. Sets are per side: one prescribed set means one set on each side; do not double bilateral group volume."
p5-seated-band-leg-extension,Seated Band Leg Extension,,Resistance band,Knee extension,unilateral,external,"Band anchored behind chair to ankle; thigh supported, extend knee.",Quads,Quads,Quads=1,Resisted knee extension directly trains quadriceps; pelvic and ankle stabilization are not credited.,medium,Quads=medium,anatomy-lower,"Direct evidence for this exact setup is limited. Fractions are conservative bookkeeping estimates, not measured hypertrophy equivalence. Sets are per side: one prescribed set means one set on each side; do not double bilateral group volume."
p5-reverse-nordic-curl,Reverse Nordic Curl,,Bodyweight,Knee extension,bilateral,bodyweight/weighted/assisted,"Kneel with hips extended; lean backward from knees and return, no hip hinge.",Quads,Quads,Quads=1,Resisted knee extension directly trains quadriceps; pelvic and ankle stabilization are not credited.,medium,Quads=medium,anatomy-lower,"Direct evidence for this exact setup is limited. Fractions are conservative bookkeeping estimates, not measured hypertrophy equivalence. Added weight or counterweight assistance uses the same ID when joint path/ROM is unchanged; record load type in the plan."
p5-barbell-good-morning,Barbell Good Morning,BB Good Morning,Barbell,Hip hinge,bilateral,external,"Bar on upper back, soft knees, hinge hips while spine remains stable.",Hamstrings,Hamstrings | Glute max | Adductors,Hamstrings=1 | Glute max=0.5 | Adductors=0.25,Hip extension with slightly flexed knees lengthens and loads biarticular hamstrings; glute max and adductor magnus assist. Erector bracing is deliberately not counted.,medium,Hamstrings=medium | Glute max=medium | Adductors=medium,anatomy-lower | ham-curl | lumbar,"Direct evidence for this exact setup is limited. Fractions are conservative bookkeeping estimates, not measured hypertrophy equivalence."
p5-barbell-stiff-leg-deadlift,Barbell Stiff-Leg Deadlift,BB Stiff-Leg Deadlift,Barbell,Hip hinge,bilateral,external,"Knees near straight but not locked; lower bar with controlled hip hinge, ROM limited by pelvis control.",Hamstrings,Hamstrings | Glute max | Adductors,Hamstrings=1 | Glute max=0.5 | Adductors=0.25,Hip extension with slightly flexed knees lengthens and loads biarticular hamstrings; glute max and adductor magnus assist. Erector bracing is deliberately not counted.,medium,Hamstrings=medium | Glute max=medium | Adductors=medium,anatomy-lower | ham-curl | lumbar,"Direct evidence for this exact setup is limited. Fractions are conservative bookkeeping estimates, not measured hypertrophy equivalence."
p5-snatch-grip-romanian-deadlift,Snatch-Grip Romanian Deadlift,,Barbell,Hip hinge,bilateral,external,Wide overhand grip changes bar clearance and attainable hip ROM; controlled soft-knee hinge.,Hamstrings,Hamstrings | Glute max | Adductors,Hamstrings=1 | Glute max=0.5 | Adductors=0.25,Hip extension with slightly flexed knees lengthens and loads biarticular hamstrings; glute max and adductor magnus assist. Erector bracing is deliberately not counted.,medium,Hamstrings=medium | Glute max=medium | Adductors=medium,anatomy-lower | ham-curl | lumbar,"Direct evidence for this exact setup is limited. Fractions are conservative bookkeeping estimates, not measured hypertrophy equivalence."
p5-single-leg-dumbbell-romanian-deadlift,Single-Leg Dumbbell Romanian Deadlift,Single-Leg DB Romanian Deadlift,Dumbbell,Hip hinge,unilateral,external,Hinge on one leg with pelvis square; free leg moves backward.,Hamstrings,Hamstrings | Glute max | Adductors,Hamstrings=1 | Glute max=0.5 | Adductors=0.25,Hip extension with slightly flexed knees lengthens and loads biarticular hamstrings; glute max and adductor magnus assist. Erector bracing is deliberately not counted.,medium,Hamstrings=medium | Glute max=medium | Adductors=medium,anatomy-lower | ham-curl | lumbar,"Direct evidence for this exact setup is limited. Fractions are conservative bookkeeping estimates, not measured hypertrophy equivalence. Sets are per side: one prescribed set means one set on each side; do not double bilateral group volume."
p5-b-stance-dumbbell-romanian-deadlift,B-Stance Dumbbell Romanian Deadlift,B-Stance DB Romanian Deadlift,Dumbbell,Hip hinge,unilateral,external,Rear toes provide light support; front leg supplies most hip extension.,Hamstrings,Hamstrings | Glute max | Adductors,Hamstrings=1 | Glute max=0.5 | Adductors=0.25,Hip extension with slightly flexed knees lengthens and loads biarticular hamstrings; glute max and adductor magnus assist. Erector bracing is deliberately not counted.,medium,Hamstrings=medium | Glute max=medium | Adductors=medium,anatomy-lower | ham-curl | lumbar,"Direct evidence for this exact setup is limited. Fractions are conservative bookkeeping estimates, not measured hypertrophy equivalence. Sets are per side: one prescribed set means one set on each side; do not double bilateral group volume."
p5-smith-romanian-deadlift,Smith Romanian Deadlift,,Smith machine,Hip hinge,bilateral,external,Soft knees and fixed bar path; set feet to allow hip hinge without spinal rounding.,Hamstrings,Hamstrings | Glute max | Adductors,Hamstrings=1 | Glute max=0.5 | Adductors=0.25,Hip extension with slightly flexed knees lengthens and loads biarticular hamstrings; glute max and adductor magnus assist. Erector bracing is deliberately not counted.,medium,Hamstrings=medium | Glute max=medium | Adductors=medium,anatomy-lower | ham-curl | lumbar,"Direct evidence for this exact setup is limited. Fractions are conservative bookkeeping estimates, not measured hypertrophy equivalence. Machine lever arms, cable routing, cams and seat settings vary; match the described joint path rather than a product label."
p5-cable-pull-through,Cable Pull-Through,,Cable,Hip hinge,bilateral,external,"Low pulley behind legs; rope between thighs, hip hinge with soft knees.",Hamstrings,Hamstrings | Glute max | Adductors,Hamstrings=1 | Glute max=0.5 | Adductors=0.25,Hip extension with slightly flexed knees lengthens and loads biarticular hamstrings; glute max and adductor magnus assist. Erector bracing is deliberately not counted.,medium,Hamstrings=medium | Glute max=medium | Adductors=medium,anatomy-lower | ham-curl | lumbar,"Direct evidence for this exact setup is limited. Fractions are conservative bookkeeping estimates, not measured hypertrophy equivalence."
p5-band-romanian-deadlift,Band Romanian Deadlift,,Resistance band,Hip hinge,bilateral,external,"Stand on band, soft knees; hinge from hips against increasing resistance.",Hamstrings,Hamstrings | Glute max | Adductors,Hamstrings=1 | Glute max=0.5 | Adductors=0.25,Hip extension with slightly flexed knees lengthens and loads biarticular hamstrings; glute max and adductor magnus assist. Erector bracing is deliberately not counted.,medium,Hamstrings=medium | Glute max=medium | Adductors=medium,anatomy-lower | ham-curl | lumbar,"Direct evidence for this exact setup is limited. Fractions are conservative bookkeeping estimates, not measured hypertrophy equivalence."
p5-band-good-morning,Band Good Morning,,Resistance band,Hip hinge,bilateral,external,Band anchored under feet and across shoulders; soft-knee hip hinge.,Hamstrings,Hamstrings | Glute max | Adductors,Hamstrings=1 | Glute max=0.5 | Adductors=0.25,Hip extension with slightly flexed knees lengthens and loads biarticular hamstrings; glute max and adductor magnus assist. Erector bracing is deliberately not counted.,medium,Hamstrings=medium | Glute max=medium | Adductors=medium,anatomy-lower | ham-curl | lumbar,"Direct evidence for this exact setup is limited. Fractions are conservative bookkeeping estimates, not measured hypertrophy equivalence."
p5-safety-bar-good-morning,Safety-Bar Good Morning,,Specialty bar,Hip hinge,bilateral,external,"Padded yoke, soft knees, controlled hip hinge; no pulling on handles.",Hamstrings,Hamstrings | Glute max | Adductors,Hamstrings=1 | Glute max=0.5 | Adductors=0.25,Hip extension with slightly flexed knees lengthens and loads biarticular hamstrings; glute max and adductor magnus assist. Erector bracing is deliberately not counted.,medium,Hamstrings=medium | Glute max=medium | Adductors=medium,anatomy-lower | ham-curl | lumbar,"Direct evidence for this exact setup is limited. Fractions are conservative bookkeeping estimates, not measured hypertrophy equivalence."
p5-conventional-deadlift,Conventional Deadlift,,Barbell,Floor deadlift,bilateral,external,"Bar over midfoot, hands outside knees; lift from floor by coordinated knee/hip extension.",Glute max,Glute max | Quads | Hamstrings,Glute max=1 | Quads=0.5 | Hamstrings=0.5,Floor pull requires hip and knee extension; glute max is designated primary with bounded knee-extensor/hamstring credit. Isometric back/grip work is omitted.,low,Glute max=low | Quads=low | Hamstrings=low,anatomy-lower,"Direct evidence for this exact setup is limited. Fractions are conservative bookkeeping estimates, not measured hypertrophy equivalence."
p5-sumo-deadlift,Sumo Deadlift,,Barbell,Floor deadlift,bilateral,external,"Wide stance, hands inside knees; extend hips and knees with bar close.",Glute max,Glute max | Quads | Hamstrings,Glute max=1 | Quads=0.5 | Hamstrings=0.5,Floor pull requires hip and knee extension; glute max is designated primary with bounded knee-extensor/hamstring credit. Isometric back/grip work is omitted.,low,Glute max=low | Quads=low | Hamstrings=low,anatomy-lower,"Direct evidence for this exact setup is limited. Fractions are conservative bookkeeping estimates, not measured hypertrophy equivalence."
p5-deficit-conventional-deadlift,Deficit Conventional Deadlift,,Barbell,Floor deadlift,bilateral,external,"Stand on low stable platform, start bar from floor; increased hip/knee excursion.",Glute max,Glute max | Quads | Hamstrings,Glute max=1 | Quads=0.5 | Hamstrings=0.5,Floor pull requires hip and knee extension; glute max is designated primary with bounded knee-extensor/hamstring credit. Isometric back/grip work is omitted.,low,Glute max=low | Quads=low | Hamstrings=low,anatomy-lower,"Direct evidence for this exact setup is limited. Fractions are conservative bookkeeping estimates, not measured hypertrophy equivalence."
p5-low-handle-trap-bar-deadlift,Low-Handle Trap-Bar Deadlift,Low-handle hex-bar deadlift,Specialty bar,Floor deadlift,bilateral,external,"Stand centered, use low handles for floor-height ROM.",Glute max,Glute max | Quads | Hamstrings,Glute max=1 | Quads=0.5 | Hamstrings=0.5,Floor pull requires hip and knee extension; glute max is designated primary with bounded knee-extensor/hamstring credit. Isometric back/grip work is omitted.,low,Glute max=low | Quads=low | Hamstrings=low,anatomy-lower,"Direct evidence for this exact setup is limited. Fractions are conservative bookkeeping estimates, not measured hypertrophy equivalence."
p5-high-handle-trap-bar-deadlift,High-Handle Trap-Bar Deadlift,High-handle hex-bar deadlift,Specialty bar,Floor deadlift,bilateral,external,Raised handles reduce starting flexion and ROM; no bouncing.,Glute max,Glute max | Quads | Hamstrings,Glute max=1 | Quads=0.5 | Hamstrings=0.5,Floor pull requires hip and knee extension; glute max is designated primary with bounded knee-extensor/hamstring credit. Isometric back/grip work is omitted.,low,Glute max=low | Quads=low | Hamstrings=low,anatomy-lower,"Direct evidence for this exact setup is limited. Fractions are conservative bookkeeping estimates, not measured hypertrophy equivalence."
p5-kettlebell-deadlift,Kettlebell Deadlift,KB Deadlift,Kettlebell,Floor deadlift,bilateral,external,"Bell between feet, coordinated knee/hip extension from floor.",Glute max,Glute max | Quads | Hamstrings,Glute max=1 | Quads=0.5 | Hamstrings=0.5,Floor pull requires hip and knee extension; glute max is designated primary with bounded knee-extensor/hamstring credit. Isometric back/grip work is omitted.,low,Glute max=low | Quads=low | Hamstrings=low,anatomy-lower,"Direct evidence for this exact setup is limited. Fractions are conservative bookkeeping estimates, not measured hypertrophy equivalence."
p5-standing-single-leg-curl,Standing Single-Leg Curl,,Selectorized machine,Knee flexion,unilateral,external,One knee flexes against ankle pad; pelvis stays fixed.,Hamstrings,Hamstrings,Hamstrings=1,Resisted knee flexion directly trains hamstrings. Joint position affects regional loading; no unmeasured calf or adductor allocation is added.,medium,Hamstrings=medium,anatomy-lower | ham-curl,"Direct evidence for this exact setup is limited. Fractions are conservative bookkeeping estimates, not measured hypertrophy equivalence. Sets are per side: one prescribed set means one set on each side; do not double bilateral group volume."
p5-single-leg-seated-leg-curl,Single-Leg Seated Leg Curl,,Selectorized machine,Knee flexion,unilateral,external,"One leg at a time; hip flexed, thigh pad secures pelvis.",Hamstrings,Hamstrings,Hamstrings=1,Resisted knee flexion directly trains hamstrings. Joint position affects regional loading; no unmeasured calf or adductor allocation is added.,medium,Hamstrings=medium,anatomy-lower | ham-curl,"Direct evidence for this exact setup is limited. Fractions are conservative bookkeeping estimates, not measured hypertrophy equivalence. Sets are per side: one prescribed set means one set on each side; do not double bilateral group volume."
p5-single-leg-lying-leg-curl,Single-Leg Lying Leg Curl,,Selectorized machine,Knee flexion,unilateral,external,"Prone, one knee flexes; hips stay against pad.",Hamstrings,Hamstrings,Hamstrings=1,Resisted knee flexion directly trains hamstrings. Joint position affects regional loading; no unmeasured calf or adductor allocation is added.,medium,Hamstrings=medium,anatomy-lower | ham-curl,"Direct evidence for this exact setup is limited. Fractions are conservative bookkeeping estimates, not measured hypertrophy equivalence. Sets are per side: one prescribed set means one set on each side; do not double bilateral group volume."
p5-standing-cable-leg-curl,Standing Cable Leg Curl,,Cable,Knee flexion,unilateral,external,Ankle cuff at low pulley; thigh stays vertical while knee flexes.,Hamstrings,Hamstrings,Hamstrings=1,Resisted knee flexion directly trains hamstrings. Joint position affects regional loading; no unmeasured calf or adductor allocation is added.,medium,Hamstrings=medium,anatomy-lower | ham-curl,"Direct evidence for this exact setup is limited. Fractions are conservative bookkeeping estimates, not measured hypertrophy equivalence. Sets are per side: one prescribed set means one set on each side; do not double bilateral group volume."
p5-prone-band-leg-curl,Prone Band Leg Curl,,Resistance band,Knee flexion,bilateral,external,Anchor beyond feet; prone knee flexion with pelvis still.,Hamstrings,Hamstrings,Hamstrings=1,Resisted knee flexion directly trains hamstrings. Joint position affects regional loading; no unmeasured calf or adductor allocation is added.,medium,Hamstrings=medium,anatomy-lower | ham-curl,"Direct evidence for this exact setup is limited. Fractions are conservative bookkeeping estimates, not measured hypertrophy equivalence."
p5-prone-dumbbell-leg-curl,Prone Dumbbell Leg Curl,Prone DB Leg Curl,Dumbbell,Knee flexion,bilateral,external,Secure one dumbbell between feet; flex knees with hips on bench; suitable setup essential.,Hamstrings,Hamstrings,Hamstrings=1,Resisted knee flexion directly trains hamstrings. Joint position affects regional loading; no unmeasured calf or adductor allocation is added.,medium,Hamstrings=medium,anatomy-lower | ham-curl,"Direct evidence for this exact setup is limited. Fractions are conservative bookkeeping estimates, not measured hypertrophy equivalence."
p5-nordic-hamstring-curl,Nordic Hamstring Curl,Nordic curl,Bodyweight,Knee flexion,bilateral,bodyweight/weighted/assisted,Kneel with ankles secured; lower straight body from knees with controlled assistance on return.,Hamstrings,Hamstrings,Hamstrings=1,Resisted knee flexion directly trains hamstrings. Joint position affects regional loading; no unmeasured calf or adductor allocation is added.,medium,Hamstrings=medium,anatomy-lower | ham-curl,"Direct evidence for this exact setup is limited. Fractions are conservative bookkeeping estimates, not measured hypertrophy equivalence. Added weight or counterweight assistance uses the same ID when joint path/ROM is unchanged; record load type in the plan."
p5-sliding-leg-curl,Sliding Leg Curl,Towel hamstring curl,Bodyweight,Knee flexion,bilateral,bodyweight/weighted/assisted,Supine heels on sliders; maintain hips elevated while flexing knees.,Hamstrings,Hamstrings,Hamstrings=1,Resisted knee flexion directly trains hamstrings. Joint position affects regional loading; no unmeasured calf or adductor allocation is added.,medium,Hamstrings=medium,anatomy-lower | ham-curl,"Direct evidence for this exact setup is limited. Fractions are conservative bookkeeping estimates, not measured hypertrophy equivalence. Added weight or counterweight assistance uses the same ID when joint path/ROM is unchanged; record load type in the plan."
p5-single-leg-sliding-curl,Single-Leg Sliding Curl,,Bodyweight,Knee flexion,unilateral,bodyweight/weighted/assisted,"One heel slides, hips supported off floor; flex working knee.",Hamstrings,Hamstrings,Hamstrings=1,Resisted knee flexion directly trains hamstrings. Joint position affects regional loading; no unmeasured calf or adductor allocation is added.,medium,Hamstrings=medium,anatomy-lower | ham-curl,"Direct evidence for this exact setup is limited. Fractions are conservative bookkeeping estimates, not measured hypertrophy equivalence. Added weight or counterweight assistance uses the same ID when joint path/ROM is unchanged; record load type in the plan. Sets are per side: one prescribed set means one set on each side; do not double bilateral group volume."
p5-stability-ball-leg-curl,Stability-Ball Leg Curl,,Bodyweight,Knee flexion,bilateral,bodyweight/weighted/assisted,Heels on ball; hips elevated as knees flex.,Hamstrings,Hamstrings,Hamstrings=1,Resisted knee flexion directly trains hamstrings. Joint position affects regional loading; no unmeasured calf or adductor allocation is added.,medium,Hamstrings=medium,anatomy-lower | ham-curl,"Direct evidence for this exact setup is limited. Fractions are conservative bookkeeping estimates, not measured hypertrophy equivalence. Added weight or counterweight assistance uses the same ID when joint path/ROM is unchanged; record load type in the plan."
p5-suspension-leg-curl,Suspension Leg Curl,,Bodyweight,Knee flexion,bilateral,bodyweight/weighted/assisted,Heels in straps; keep hips elevated and curl heels toward body.,Hamstrings,Hamstrings,Hamstrings=1,Resisted knee flexion directly trains hamstrings. Joint position affects regional loading; no unmeasured calf or adductor allocation is added.,medium,Hamstrings=medium,anatomy-lower | ham-curl,"Direct evidence for this exact setup is limited. Fractions are conservative bookkeeping estimates, not measured hypertrophy equivalence. Added weight or counterweight assistance uses the same ID when joint path/ROM is unchanged; record load type in the plan."
p5-glute-ham-raise,Glute-Ham Raise,,Bodyweight,Knee flexion,bilateral,bodyweight/weighted/assisted,GHD setup places knees behind pad; combine controlled knee flexion with a stable hip angle.,Hamstrings,Hamstrings,Hamstrings=1,Resisted knee flexion directly trains hamstrings. Joint position affects regional loading; no unmeasured calf or adductor allocation is added.,medium,Hamstrings=medium,anatomy-lower | ham-curl,"Direct evidence for this exact setup is limited. Fractions are conservative bookkeeping estimates, not measured hypertrophy equivalence. Added weight or counterweight assistance uses the same ID when joint path/ROM is unchanged; record load type in the plan."
p5-barbell-hip-thrust,Barbell Hip Thrust,BB Hip Thrust,Barbell,Bent-knee hip extension,bilateral,external,"Upper back on bench, bar across pelvis; extend hips without lumbar hyperextension.",Glute max,Glute max,Glute max=1,Bent-knee hip extension targets glute max; short hamstring length and weak longitudinal growth evidence argue against routine hamstring credit.,high,Glute max=high,anatomy-lower | hip-thrust | glute-review,"Direct evidence for this exact setup is limited. Fractions are conservative bookkeeping estimates, not measured hypertrophy equivalence."
p5-barbell-glute-bridge,Barbell Glute Bridge,BB Glute Bridge,Barbell,Bent-knee hip extension,bilateral,external,"Upper back on floor; bar at hips, bent-knee hip extension through shorter ROM.",Glute max,Glute max,Glute max=1,Bent-knee hip extension targets glute max; short hamstring length and weak longitudinal growth evidence argue against routine hamstring credit.,medium,Glute max=medium,anatomy-lower | hip-thrust | glute-review,"Direct evidence for this exact setup is limited. Fractions are conservative bookkeeping estimates, not measured hypertrophy equivalence."
p5-dumbbell-hip-thrust,Dumbbell Hip Thrust,DB Hip Thrust,Dumbbell,Bent-knee hip extension,bilateral,external,"Upper back on bench, bell secured at pelvis; knees bent near top.",Glute max,Glute max,Glute max=1,Bent-knee hip extension targets glute max; short hamstring length and weak longitudinal growth evidence argue against routine hamstring credit.,medium,Glute max=medium,anatomy-lower | hip-thrust | glute-review,"Direct evidence for this exact setup is limited. Fractions are conservative bookkeeping estimates, not measured hypertrophy equivalence."
p5-smith-hip-thrust,Smith Hip Thrust,,Smith machine,Bent-knee hip extension,bilateral,external,"Upper back on stable bench; fixed bar over pelvis, no lumbar hyperextension.",Glute max,Glute max,Glute max=1,Bent-knee hip extension targets glute max; short hamstring length and weak longitudinal growth evidence argue against routine hamstring credit.,medium,Glute max=medium,anatomy-lower | hip-thrust | glute-review,"Direct evidence for this exact setup is limited. Fractions are conservative bookkeeping estimates, not measured hypertrophy equivalence. Machine lever arms, cable routing, cams and seat settings vary; match the described joint path rather than a product label."
p5-lever-hip-thrust,Lever Hip Thrust,Glute drive machine,Plate-loaded machine,Bent-knee hip extension,bilateral,external,"Upper back supported, lap pad/belt on hips; lever resists hip extension.",Glute max,Glute max,Glute max=1,Bent-knee hip extension targets glute max; short hamstring length and weak longitudinal growth evidence argue against routine hamstring credit.,medium,Glute max=medium,anatomy-lower | hip-thrust | glute-review,"Direct evidence for this exact setup is limited. Fractions are conservative bookkeeping estimates, not measured hypertrophy equivalence."
p5-band-hip-thrust,Band Hip Thrust,,Resistance band,Bent-knee hip extension,bilateral,external,"Band secured across pelvis, shoulders on bench; maintain tension at top.",Glute max,Glute max,Glute max=1,Bent-knee hip extension targets glute max; short hamstring length and weak longitudinal growth evidence argue against routine hamstring credit.,medium,Glute max=medium,anatomy-lower | hip-thrust | glute-review,"Direct evidence for this exact setup is limited. Fractions are conservative bookkeeping estimates, not measured hypertrophy equivalence."
p5-glute-bridge,Glute Bridge,,Bodyweight,Bent-knee hip extension,bilateral,bodyweight/weighted/assisted,"Back on floor, knees bent; extend hips without spinal extension.",Glute max,Glute max,Glute max=1,Bent-knee hip extension targets glute max; short hamstring length and weak longitudinal growth evidence argue against routine hamstring credit.,medium,Glute max=medium,anatomy-lower | hip-thrust | glute-review,"Direct evidence for this exact setup is limited. Fractions are conservative bookkeeping estimates, not measured hypertrophy equivalence. Added weight or counterweight assistance uses the same ID when joint path/ROM is unchanged; record load type in the plan."
p5-single-leg-glute-bridge,Single-Leg Glute Bridge,,Bodyweight,Bent-knee hip extension,unilateral,bodyweight/weighted/assisted,"One planted foot, other leg elevated; pelvis stays level.",Glute max,Glute max,Glute max=1,Bent-knee hip extension targets glute max; short hamstring length and weak longitudinal growth evidence argue against routine hamstring credit.,medium,Glute max=medium,anatomy-lower | hip-thrust | glute-review,"Direct evidence for this exact setup is limited. Fractions are conservative bookkeeping estimates, not measured hypertrophy equivalence. Added weight or counterweight assistance uses the same ID when joint path/ROM is unchanged; record load type in the plan. Sets are per side: one prescribed set means one set on each side; do not double bilateral group volume."
p5-single-leg-hip-thrust,Single-Leg Hip Thrust,,Bodyweight,Bent-knee hip extension,unilateral,bodyweight/weighted/assisted,Upper back on bench; one working leg extends hip with pelvis level.,Glute max,Glute max,Glute max=1,Bent-knee hip extension targets glute max; short hamstring length and weak longitudinal growth evidence argue against routine hamstring credit.,medium,Glute max=medium,anatomy-lower | hip-thrust | glute-review,"Direct evidence for this exact setup is limited. Fractions are conservative bookkeeping estimates, not measured hypertrophy equivalence. Added weight or counterweight assistance uses the same ID when joint path/ROM is unchanged; record load type in the plan. Sets are per side: one prescribed set means one set on each side; do not double bilateral group volume."
p5-standing-cable-hip-extension,Standing Cable Hip Extension,,Cable,Hip extension isolation,unilateral,external,"Ankle cuff, slightly bent working knee; move thigh backward without lumbar sway.",Glute max,Glute max,Glute max=1,Deliberate loaded hip extension targets glute max; lumbar motion and passive hamstring tension should not substitute for hip movement.,medium,Glute max=medium,anatomy-lower | glute-review,"Direct evidence for this exact setup is limited. Fractions are conservative bookkeeping estimates, not measured hypertrophy equivalence. Sets are per side: one prescribed set means one set on each side; do not double bilateral group volume."
p5-kneeling-cable-hip-extension,Kneeling Cable Hip Extension,,Cable,Hip extension isolation,unilateral,external,Hands/knees supported on bench; ankle cuff draws thigh backward.,Glute max,Glute max,Glute max=1,Deliberate loaded hip extension targets glute max; lumbar motion and passive hamstring tension should not substitute for hip movement.,medium,Glute max=medium,anatomy-lower | glute-review,"Direct evidence for this exact setup is limited. Fractions are conservative bookkeeping estimates, not measured hypertrophy equivalence. Sets are per side: one prescribed set means one set on each side; do not double bilateral group volume."
p5-standing-glute-kickback-machine,Standing Glute Kickback Machine,,Selectorized machine,Hip extension isolation,unilateral,external,"Chest/forearm support, bent knee pushes pad backward through hip extension.",Glute max,Glute max,Glute max=1,Deliberate loaded hip extension targets glute max; lumbar motion and passive hamstring tension should not substitute for hip movement.,medium,Glute max=medium,anatomy-lower | glute-review,"Direct evidence for this exact setup is limited. Fractions are conservative bookkeeping estimates, not measured hypertrophy equivalence. Sets are per side: one prescribed set means one set on each side; do not double bilateral group volume."
p5-band-glute-kickback,Band Glute Kickback,,Resistance band,Hip extension isolation,unilateral,external,Band anchored forward; extend working hip while pelvis stays square.,Glute max,Glute max,Glute max=1,Deliberate loaded hip extension targets glute max; lumbar motion and passive hamstring tension should not substitute for hip movement.,medium,Glute max=medium,anatomy-lower | glute-review,"Direct evidence for this exact setup is limited. Fractions are conservative bookkeeping estimates, not measured hypertrophy equivalence. Sets are per side: one prescribed set means one set on each side; do not double bilateral group volume."
p5-reverse-hyperextension,Reverse Hyperextension,,Plate-loaded machine,Hip extension isolation,bilateral,external,"Prone torso supported; lever attached near ankles, raise legs by hip extension without swinging.",Glute max,Glute max,Glute max=1,Deliberate loaded hip extension targets glute max; lumbar motion and passive hamstring tension should not substitute for hip movement.,medium,Glute max=medium,anatomy-lower | glute-review,"Direct evidence for this exact setup is limited. Fractions are conservative bookkeeping estimates, not measured hypertrophy equivalence."
p5-horizontal-hip-extension,Horizontal Hip Extension,,Roman chair,Hip hinge,bilateral,bodyweight/weighted/assisted,"Pelvis at edge of horizontal bench, spine neutral; hinge hips and return without spinal hyperextension.",Hamstrings,Hamstrings | Glute max | Adductors,Hamstrings=1 | Glute max=0.5 | Adductors=0.25,Hip extension with slightly flexed knees lengthens and loads biarticular hamstrings; glute max and adductor magnus assist. Erector bracing is deliberately not counted.,medium,Hamstrings=medium | Glute max=medium | Adductors=medium,anatomy-lower | ham-curl | lumbar,"Direct evidence for this exact setup is limited. Fractions are conservative bookkeeping estimates, not measured hypertrophy equivalence. Added weight or counterweight assistance uses the same ID when joint path/ROM is unchanged; record load type in the plan."
p5-seated-hip-abduction,Seated Hip Abduction,Hip abductor machine,Selectorized machine,Hip abduction,bilateral,external,"Pads outside knees, pelvis still; abduct thighs without bouncing.",Glute med/min,Glute med/min,Glute med/min=1,Resisted hip abduction directly loads the represented gluteal abductors; the group does not include tensor fasciae latae.,medium,Glute med/min=medium,anatomy-lower | adduction,"Direct evidence for this exact setup is limited. Fractions are conservative bookkeeping estimates, not measured hypertrophy equivalence."
p5-standing-cable-hip-abduction,Standing Cable Hip Abduction,,Cable,Hip abduction,unilateral,external,"Ankle cuff, support balance; move leg sideways without pelvic hike.",Glute med/min,Glute med/min,Glute med/min=1,Resisted hip abduction directly loads the represented gluteal abductors; the group does not include tensor fasciae latae.,medium,Glute med/min=medium,anatomy-lower | adduction,"Direct evidence for this exact setup is limited. Fractions are conservative bookkeeping estimates, not measured hypertrophy equivalence. Sets are per side: one prescribed set means one set on each side; do not double bilateral group volume."
p5-standing-band-hip-abduction,Standing Band Hip Abduction,,Resistance band,Hip abduction,unilateral,external,Low anchor across body; move working thigh sideways with pelvis level.,Glute med/min,Glute med/min,Glute med/min=1,Resisted hip abduction directly loads the represented gluteal abductors; the group does not include tensor fasciae latae.,medium,Glute med/min=medium,anatomy-lower | adduction,"Direct evidence for this exact setup is limited. Fractions are conservative bookkeeping estimates, not measured hypertrophy equivalence. Sets are per side: one prescribed set means one set on each side; do not double bilateral group volume."
p5-side-lying-band-hip-abduction,Side-Lying Band Hip Abduction,,Resistance band,Hip abduction,unilateral,external,"Band at ankles, pelvis stacked; lift top thigh sideways.",Glute med/min,Glute med/min,Glute med/min=1,Resisted hip abduction directly loads the represented gluteal abductors; the group does not include tensor fasciae latae.,medium,Glute med/min=medium,anatomy-lower | adduction,"Direct evidence for this exact setup is limited. Fractions are conservative bookkeeping estimates, not measured hypertrophy equivalence. Sets are per side: one prescribed set means one set on each side; do not double bilateral group volume."
p5-seated-band-hip-abduction,Seated Band Hip Abduction,,Resistance band,Hip abduction,bilateral,external,Loop above knees; thighs move apart while pelvis stays still.,Glute med/min,Glute med/min,Glute med/min=1,Resisted hip abduction directly loads the represented gluteal abductors; the group does not include tensor fasciae latae.,medium,Glute med/min=medium,anatomy-lower | adduction,"Direct evidence for this exact setup is limited. Fractions are conservative bookkeeping estimates, not measured hypertrophy equivalence."
p5-lateral-band-walk,Lateral Band Walk,,Resistance band,Hip abduction,alternating,external,"Loop above knees or ankles; deliberate lateral steps against band, no shuffling momentum.",Glute med/min,Glute med/min,Glute med/min=1,Resisted hip abduction directly loads the represented gluteal abductors; the group does not include tensor fasciae latae.,medium,Glute med/min=medium,anatomy-lower | adduction,"Direct evidence for this exact setup is limited. Fractions are conservative bookkeeping estimates, not measured hypertrophy equivalence. Sets are per side: one prescribed set means one set on each side; do not double bilateral group volume."
p5-side-lying-hip-abduction,Side-Lying Hip Abduction,,Bodyweight,Hip abduction,unilateral,bodyweight,"Lie on side, top leg aligned with trunk; raise it sideways without hip rotation.",Glute med/min,Glute med/min,Glute med/min=1,Resisted hip abduction directly loads the represented gluteal abductors; the group does not include tensor fasciae latae.,medium,Glute med/min=medium,anatomy-lower | adduction,"Direct evidence for this exact setup is limited. Fractions are conservative bookkeeping estimates, not measured hypertrophy equivalence. Sets are per side: one prescribed set means one set on each side; do not double bilateral group volume."
p5-seated-hip-adduction,Seated Hip Adduction,Hip adductor machine,Selectorized machine,Hip adduction,bilateral,external,"Pads inside knees, pelvis still; bring thighs together against resistance.",Adductors,Adductors,Adductors=1,Resisted hip adduction directly loads the adductor group; no stabilization credits are added.,medium,Adductors=medium,anatomy-lower | adduction,"Direct evidence for this exact setup is limited. Fractions are conservative bookkeeping estimates, not measured hypertrophy equivalence."
p5-standing-cable-hip-adduction,Standing Cable Hip Adduction,,Cable,Hip adduction,unilateral,external,Ankle cuff at low outside pulley; move thigh inward across midline without turning pelvis.,Adductors,Adductors,Adductors=1,Resisted hip adduction directly loads the adductor group; no stabilization credits are added.,medium,Adductors=medium,anatomy-lower | adduction,"Direct evidence for this exact setup is limited. Fractions are conservative bookkeeping estimates, not measured hypertrophy equivalence. Sets are per side: one prescribed set means one set on each side; do not double bilateral group volume."
p5-standing-band-hip-adduction,Standing Band Hip Adduction,,Resistance band,Hip adduction,unilateral,external,Low anchor outside working leg; draw thigh inward against band.,Adductors,Adductors,Adductors=1,Resisted hip adduction directly loads the adductor group; no stabilization credits are added.,medium,Adductors=medium,anatomy-lower | adduction,"Direct evidence for this exact setup is limited. Fractions are conservative bookkeeping estimates, not measured hypertrophy equivalence. Sets are per side: one prescribed set means one set on each side; do not double bilateral group volume."
p5-side-lying-hip-adduction,Side-Lying Hip Adduction,,Bodyweight,Hip adduction,unilateral,bodyweight,"Lie on working side, upper foot crossed in front; raise lower leg off floor.",Adductors,Adductors,Adductors=1,Resisted hip adduction directly loads the adductor group; no stabilization credits are added.,medium,Adductors=medium,anatomy-lower | adduction,"Direct evidence for this exact setup is limited. Fractions are conservative bookkeeping estimates, not measured hypertrophy equivalence. Sets are per side: one prescribed set means one set on each side; do not double bilateral group volume."
p5-dynamic-copenhagen-adduction,Dynamic Copenhagen Adduction,,Bodyweight,Hip adduction,unilateral,bodyweight,"Upper leg supported on bench; lower and lift pelvis through hip adduction, controlled lever length.",Adductors,Adductors,Adductors=1,Resisted hip adduction directly loads the adductor group; no stabilization credits are added.,medium,Adductors=medium,anatomy-lower | adduction,"Direct evidence for this exact setup is limited. Fractions are conservative bookkeeping estimates, not measured hypertrophy equivalence. Sets are per side: one prescribed set means one set on each side; do not double bilateral group volume."
p5-standing-dumbbell-calf-raise,Standing Dumbbell Calf Raise,Standing DB Calf Raise,Dumbbell,Straight-knee plantarflexion,bilateral,external,"Forefeet on stable step, knees near straight; full controlled ankle ROM.",Gastroc.,Gastroc. | Soleus,Gastroc.=1 | Soleus=0.5,"Plantarflexion with near-extended knee loads gastrocnemius and soleus; source-calibrated soleus half credit is conservative, not a proven ratio.",medium,Gastroc.=medium | Soleus=medium,anatomy-lower | calf,"Direct evidence for this exact setup is limited. Fractions are conservative bookkeeping estimates, not measured hypertrophy equivalence."
p5-single-leg-dumbbell-calf-raise,Single-Leg Dumbbell Calf Raise,Single-Leg DB Calf Raise,Dumbbell,Straight-knee plantarflexion,unilateral,external,"One forefoot on step, hand support for balance; no knee drive.",Gastroc.,Gastroc. | Soleus,Gastroc.=1 | Soleus=0.5,"Plantarflexion with near-extended knee loads gastrocnemius and soleus; source-calibrated soleus half credit is conservative, not a proven ratio.",medium,Gastroc.=medium | Soleus=medium,anatomy-lower | calf,"Direct evidence for this exact setup is limited. Fractions are conservative bookkeeping estimates, not measured hypertrophy equivalence. Sets are per side: one prescribed set means one set on each side; do not double bilateral group volume."
p5-smith-standing-calf-raise,Smith Standing Calf Raise,,Smith machine,Straight-knee plantarflexion,bilateral,external,"Forefeet on secure block, near-straight knees, controlled plantarflexion.",Gastroc.,Gastroc. | Soleus,Gastroc.=1 | Soleus=0.5,"Plantarflexion with near-extended knee loads gastrocnemius and soleus; source-calibrated soleus half credit is conservative, not a proven ratio.",medium,Gastroc.=medium | Soleus=medium,anatomy-lower | calf,"Direct evidence for this exact setup is limited. Fractions are conservative bookkeeping estimates, not measured hypertrophy equivalence. Machine lever arms, cable routing, cams and seat settings vary; match the described joint path rather than a product label."
p5-leg-press-calf-press,Leg-Press Calf Press,,Plate-loaded machine,Straight-knee plantarflexion,bilateral,external,"Forefeet on platform edge, knees near straight; move ankles without bending knees.",Gastroc.,Gastroc. | Soleus,Gastroc.=1 | Soleus=0.5,"Plantarflexion with near-extended knee loads gastrocnemius and soleus; source-calibrated soleus half credit is conservative, not a proven ratio.",medium,Gastroc.=medium | Soleus=medium,anatomy-lower | calf,"Direct evidence for this exact setup is limited. Fractions are conservative bookkeeping estimates, not measured hypertrophy equivalence."
p5-donkey-calf-raise-machine,Donkey Calf Raise Machine,,Plate-loaded machine,Straight-knee plantarflexion,bilateral,external,"Torso hinged and supported; load over pelvis, knees near straight.",Gastroc.,Gastroc. | Soleus,Gastroc.=1 | Soleus=0.5,"Plantarflexion with near-extended knee loads gastrocnemius and soleus; source-calibrated soleus half credit is conservative, not a proven ratio.",medium,Gastroc.=medium | Soleus=medium,anatomy-lower | calf,"Direct evidence for this exact setup is limited. Fractions are conservative bookkeeping estimates, not measured hypertrophy equivalence."
p5-standing-bodyweight-calf-raise,Standing Bodyweight Calf Raise,,Bodyweight,Straight-knee plantarflexion,bilateral,bodyweight,"Forefeet on step, knees near straight; controlled lowering below step.",Gastroc.,Gastroc. | Soleus,Gastroc.=1 | Soleus=0.5,"Plantarflexion with near-extended knee loads gastrocnemius and soleus; source-calibrated soleus half credit is conservative, not a proven ratio.",medium,Gastroc.=medium | Soleus=medium,anatomy-lower | calf,"Direct evidence for this exact setup is limited. Fractions are conservative bookkeeping estimates, not measured hypertrophy equivalence."
p5-single-leg-bodyweight-calf-raise,Single-Leg Bodyweight Calf Raise,,Bodyweight,Straight-knee plantarflexion,unilateral,bodyweight,"One forefoot on step, hand support removes balance limitation.",Gastroc.,Gastroc. | Soleus,Gastroc.=1 | Soleus=0.5,"Plantarflexion with near-extended knee loads gastrocnemius and soleus; source-calibrated soleus half credit is conservative, not a proven ratio.",medium,Gastroc.=medium | Soleus=medium,anatomy-lower | calf,"Direct evidence for this exact setup is limited. Fractions are conservative bookkeeping estimates, not measured hypertrophy equivalence. Sets are per side: one prescribed set means one set on each side; do not double bilateral group volume."
p5-seated-calf-raise,Seated Calf Raise,Bent-knee calf raise machine,Plate-loaded machine,Bent-knee plantarflexion,bilateral,external,"Knees flexed about 90 degrees, thigh pads above knees; full ankle ROM.",Soleus,Soleus,Soleus=1,Bent-knee plantarflexion retains soleus loading while shortening gastrocnemius; routine gastrocnemius credit is omitted conservatively.,high,Soleus=high,anatomy-lower | calf,"Direct evidence for this exact setup is limited. Fractions are conservative bookkeeping estimates, not measured hypertrophy equivalence."
p5-seated-dumbbell-calf-raise,Seated Dumbbell Calf Raise,Seated DB Calf Raise,Dumbbell,Bent-knee plantarflexion,bilateral,external,"Sit with knees about 90 degrees, dumbbells on thighs; forefeet on step.",Soleus,Soleus,Soleus=1,Bent-knee plantarflexion retains soleus loading while shortening gastrocnemius; routine gastrocnemius credit is omitted conservatively.,medium,Soleus=medium,anatomy-lower | calf,"Direct evidence for this exact setup is limited. Fractions are conservative bookkeeping estimates, not measured hypertrophy equivalence."
p5-smith-seated-calf-raise,Smith Seated Calf Raise,,Smith machine,Bent-knee plantarflexion,bilateral,external,"Sit under padded fixed bar on distal thighs; knees flexed, forefeet on block.",Soleus,Soleus,Soleus=1,Bent-knee plantarflexion retains soleus loading while shortening gastrocnemius; routine gastrocnemius credit is omitted conservatively.,medium,Soleus=medium,anatomy-lower | calf,"Direct evidence for this exact setup is limited. Fractions are conservative bookkeeping estimates, not measured hypertrophy equivalence. Machine lever arms, cable routing, cams and seat settings vary; match the described joint path rather than a product label."
p5-seated-band-plantarflexion,Seated Band Plantarflexion,,Resistance band,Bent-knee plantarflexion,unilateral,external,"Band around forefoot, knee flexed; press forefoot away against tension.",Soleus,Soleus,Soleus=1,Bent-knee plantarflexion retains soleus loading while shortening gastrocnemius; routine gastrocnemius credit is omitted conservatively.,medium,Soleus=medium,anatomy-lower | calf,"Direct evidence for this exact setup is limited. Fractions are conservative bookkeeping estimates, not measured hypertrophy equivalence. Sets are per side: one prescribed set means one set on each side; do not double bilateral group volume."
p5-pelvis-restrained-lumbar-extension,Pelvis-Restrained Lumbar Extension,,Selectorized machine,Spinal extension,bilateral,external,Secure pelvis on lumbar extension machine; extend spine through controlled comfortable ROM.,Erector Spinae,Erector Spinae,Erector Spinae=1,Intentional spinal extension against resistance directly loads spinal extensors; distinguish it from neutral-spine hip extension.,medium,Erector Spinae=medium,anatomy-neck | lumbar | lumbar-counter,"Direct evidence for this exact setup is limited. Fractions are conservative bookkeeping estimates, not measured hypertrophy equivalence."
p5-roman-chair-spinal-extension,Roman-Chair Spinal Extension,,Roman chair,Spinal extension,bilateral,bodyweight/weighted/assisted,"Pelvis supported; deliberately extend thoracolumbar spine through modest comfortable ROM, rather than only hinging hips.",Erector Spinae,Erector Spinae,Erector Spinae=1,Intentional spinal extension against resistance directly loads spinal extensors; distinguish it from neutral-spine hip extension.,medium,Erector Spinae=medium,anatomy-neck | lumbar | lumbar-counter,"Direct evidence for this exact setup is limited. Fractions are conservative bookkeeping estimates, not measured hypertrophy equivalence. Added weight or counterweight assistance uses the same ID when joint path/ROM is unchanged; record load type in the plan."
p5-prone-trunk-extension,Prone Trunk Extension,,Bodyweight,Spinal extension,bilateral,bodyweight,"Pelvis and legs supported on floor; lift trunk modestly through spinal extension, no violent arching.",Erector Spinae,Erector Spinae,Erector Spinae=1,Intentional spinal extension against resistance directly loads spinal extensors; distinguish it from neutral-spine hip extension.,medium,Erector Spinae=medium,anatomy-neck | lumbar | lumbar-counter,"Direct evidence for this exact setup is limited. Fractions are conservative bookkeeping estimates, not measured hypertrophy equivalence."
p5-floor-crunch,Floor Crunch,Abdominal crunch,Bodyweight,Trunk flexion / posterior pelvic curl,bilateral,bodyweight/weighted/assisted,Curl ribcage toward pelvis; avoid pulling head forward.,Abdominals,Abdominals,Abdominals=1,Resisted trunk flexion or deliberate posterior pelvic curling directly loads rectus abdominis. Hip flexion alone does not qualify.,medium,Abdominals=medium,anatomy-trunk,"Direct evidence for this exact setup is limited. Fractions are conservative bookkeeping estimates, not measured hypertrophy equivalence. Added weight or counterweight assistance uses the same ID when joint path/ROM is unchanged; record load type in the plan."
p5-reverse-crunch,Reverse Crunch,Pelvic curl,Bodyweight,Trunk flexion / posterior pelvic curl,bilateral,bodyweight/weighted/assisted,Knees bent; curl pelvis toward ribs rather than only flexing hips.,Abdominals,Abdominals,Abdominals=1,Resisted trunk flexion or deliberate posterior pelvic curling directly loads rectus abdominis. Hip flexion alone does not qualify.,medium,Abdominals=medium,anatomy-trunk,"Direct evidence for this exact setup is limited. Fractions are conservative bookkeeping estimates, not measured hypertrophy equivalence. Added weight or counterweight assistance uses the same ID when joint path/ROM is unchanged; record load type in the plan."
p5-decline-crunch,Decline Crunch,,Bodyweight,Trunk flexion / posterior pelvic curl,bilateral,bodyweight/weighted/assisted,"Feet secured, decline bench; curl trunk without turning movement into hip-dominant sit-up.",Abdominals,Abdominals,Abdominals=1,Resisted trunk flexion or deliberate posterior pelvic curling directly loads rectus abdominis. Hip flexion alone does not qualify.,medium,Abdominals=medium,anatomy-trunk,"Direct evidence for this exact setup is limited. Fractions are conservative bookkeeping estimates, not measured hypertrophy equivalence. Added weight or counterweight assistance uses the same ID when joint path/ROM is unchanged; record load type in the plan."
p5-hanging-knee-raise-with-pelvic-curl,Hanging Knee Raise with Pelvic Curl,,Bodyweight,Trunk flexion / posterior pelvic curl,bilateral,bodyweight/weighted/assisted,Hang from bar; raise knees then actively curl pelvis toward ribs without swinging.,Abdominals,Abdominals,Abdominals=1,Resisted trunk flexion or deliberate posterior pelvic curling directly loads rectus abdominis. Hip flexion alone does not qualify.,medium,Abdominals=medium,anatomy-trunk,"Direct evidence for this exact setup is limited. Fractions are conservative bookkeeping estimates, not measured hypertrophy equivalence. Added weight or counterweight assistance uses the same ID when joint path/ROM is unchanged; record load type in the plan."
p5-captain-chair-knee-raise-with-pelvic-curl,Captain-Chair Knee Raise with Pelvic Curl,,Bodyweight,Trunk flexion / posterior pelvic curl,bilateral,bodyweight/weighted/assisted,Forearms supported; curl pelvis toward ribs at top rather than just lifting thighs.,Abdominals,Abdominals,Abdominals=1,Resisted trunk flexion or deliberate posterior pelvic curling directly loads rectus abdominis. Hip flexion alone does not qualify.,medium,Abdominals=medium,anatomy-trunk,"Direct evidence for this exact setup is limited. Fractions are conservative bookkeeping estimates, not measured hypertrophy equivalence. Added weight or counterweight assistance uses the same ID when joint path/ROM is unchanged; record load type in the plan."
p5-hanging-straight-leg-raise-with-pelvic-curl,Hanging Straight-Leg Raise with Pelvic Curl,,Bodyweight,Trunk flexion / posterior pelvic curl,bilateral,bodyweight/weighted/assisted,"Knees straight; raise legs and actively posteriorly tilt pelvis, no swinging.",Abdominals,Abdominals,Abdominals=1,Resisted trunk flexion or deliberate posterior pelvic curling directly loads rectus abdominis. Hip flexion alone does not qualify.,medium,Abdominals=medium,anatomy-trunk,"Direct evidence for this exact setup is limited. Fractions are conservative bookkeeping estimates, not measured hypertrophy equivalence. Added weight or counterweight assistance uses the same ID when joint path/ROM is unchanged; record load type in the plan."
p5-stability-ball-crunch,Stability-Ball Crunch,,Bodyweight,Trunk flexion / posterior pelvic curl,bilateral,bodyweight/weighted/assisted,Upper back on ball; controlled spinal flexion from slight extension.,Abdominals,Abdominals,Abdominals=1,Resisted trunk flexion or deliberate posterior pelvic curling directly loads rectus abdominis. Hip flexion alone does not qualify.,medium,Abdominals=medium,anatomy-trunk,"Direct evidence for this exact setup is limited. Fractions are conservative bookkeeping estimates, not measured hypertrophy equivalence. Added weight or counterweight assistance uses the same ID when joint path/ROM is unchanged; record load type in the plan."
p5-kneeling-cable-crunch,Kneeling Cable Crunch,,Cable,Trunk flexion / posterior pelvic curl,bilateral,external,"High rope pulley, hips stay relatively still; flex trunk against cable.",Abdominals,Abdominals,Abdominals=1,Resisted trunk flexion or deliberate posterior pelvic curling directly loads rectus abdominis. Hip flexion alone does not qualify.,medium,Abdominals=medium,anatomy-trunk,"Direct evidence for this exact setup is limited. Fractions are conservative bookkeeping estimates, not measured hypertrophy equivalence."
p5-seated-cable-crunch,Seated Cable Crunch,,Cable,Trunk flexion / posterior pelvic curl,bilateral,external,Sit facing away from high pulley; curl ribs toward pelvis against rope.,Abdominals,Abdominals,Abdominals=1,Resisted trunk flexion or deliberate posterior pelvic curling directly loads rectus abdominis. Hip flexion alone does not qualify.,medium,Abdominals=medium,anatomy-trunk,"Direct evidence for this exact setup is limited. Fractions are conservative bookkeeping estimates, not measured hypertrophy equivalence."
p5-seated-abdominal-crunch-machine,Seated Abdominal Crunch Machine,,Selectorized machine,Trunk flexion / posterior pelvic curl,bilateral,external,Seat/pads aligned; loaded trunk flexion rather than arm-only pulling.,Abdominals,Abdominals,Abdominals=1,Resisted trunk flexion or deliberate posterior pelvic curling directly loads rectus abdominis. Hip flexion alone does not qualify.,medium,Abdominals=medium,anatomy-trunk,"Direct evidence for this exact setup is limited. Fractions are conservative bookkeeping estimates, not measured hypertrophy equivalence."
p5-kneeling-band-crunch,Kneeling Band Crunch,,Resistance band,Trunk flexion / posterior pelvic curl,bilateral,external,"High anchor; curl trunk against band, keep hip angle relatively stable.",Abdominals,Abdominals,Abdominals=1,Resisted trunk flexion or deliberate posterior pelvic curling directly loads rectus abdominis. Hip flexion alone does not qualify.,medium,Abdominals=medium,anatomy-trunk,"Direct evidence for this exact setup is limited. Fractions are conservative bookkeeping estimates, not measured hypertrophy equivalence."
p5-kneeling-ab-wheel-rollout,Kneeling Ab-Wheel Rollout,Ab roller,Ab wheel,Targeted trunk anti-extension,bilateral,bodyweight,"Start on knees; roll forward while resisting lumbar extension, return under control.",Abdominals,Abdominals,Abdominals=1,"Here trunk anti-extension is the intended, limiting resisted task, not incidental bracing in another lift. Full credit is a low-confidence isometric-to-dynamic accounting convention.",low,Abdominals=low,anatomy-trunk | core-emg,"Direct evidence for this exact setup is limited. Fractions are conservative bookkeeping estimates, not measured hypertrophy equivalence."
p5-standing-ab-wheel-rollout,Standing Ab-Wheel Rollout,,Ab wheel,Targeted trunk anti-extension,bilateral,bodyweight,Begin from feet; roll only as far as trunk position can be controlled.,Abdominals,Abdominals,Abdominals=1,"Here trunk anti-extension is the intended, limiting resisted task, not incidental bracing in another lift. Full credit is a low-confidence isometric-to-dynamic accounting convention.",low,Abdominals=low,anatomy-trunk | core-emg,"Direct evidence for this exact setup is limited. Fractions are conservative bookkeeping estimates, not measured hypertrophy equivalence."
p5-forearm-plank,Forearm Plank,,Bodyweight,Targeted trunk anti-extension,bilateral,bodyweight,"Elbows under shoulders; purposeful challenging anti-extension bout, no sagging.",Abdominals,Abdominals,Abdominals=1,"Here trunk anti-extension is the intended, limiting resisted task, not incidental bracing in another lift. Full credit is a low-confidence isometric-to-dynamic accounting convention.",low,Abdominals=low,anatomy-trunk | core-emg,"Direct evidence for this exact setup is limited. Fractions are conservative bookkeeping estimates, not measured hypertrophy equivalence."
p5-long-lever-plank,Long-Lever Plank,,Bodyweight,Targeted trunk anti-extension,bilateral,bodyweight,Elbows farther ahead of shoulders increase anti-extension moment; maintain posterior pelvic control.,Abdominals,Abdominals,Abdominals=1,"Here trunk anti-extension is the intended, limiting resisted task, not incidental bracing in another lift. Full credit is a low-confidence isometric-to-dynamic accounting convention.",low,Abdominals=low,anatomy-trunk | core-emg,"Direct evidence for this exact setup is limited. Fractions are conservative bookkeeping estimates, not measured hypertrophy equivalence."
p5-suspension-body-saw,Suspension Body Saw,,Bodyweight,Targeted trunk anti-extension,bilateral,bodyweight,Feet in straps; shift rigid torso forward/back while resisting lumbar extension.,Abdominals,Abdominals,Abdominals=1,"Here trunk anti-extension is the intended, limiting resisted task, not incidental bracing in another lift. Full credit is a low-confidence isometric-to-dynamic accounting convention.",low,Abdominals=low,anatomy-trunk | core-emg,"Direct evidence for this exact setup is limited. Fractions are conservative bookkeeping estimates, not measured hypertrophy equivalence."
p5-dead-bug,Dead Bug,,Bodyweight,Targeted trunk anti-extension,alternating,bodyweight,"Supine, trunk braced; alternate extending opposite arm/leg without lumbar extension.",Abdominals,Abdominals,Abdominals=1,"Here trunk anti-extension is the intended, limiting resisted task, not incidental bracing in another lift. Full credit is a low-confidence isometric-to-dynamic accounting convention.",low,Abdominals=low,anatomy-trunk | core-emg,"Direct evidence for this exact setup is limited. Fractions are conservative bookkeeping estimates, not measured hypertrophy equivalence. Sets are per side: one prescribed set means one set on each side; do not double bilateral group volume."
p5-stability-ball-rollout,Stability-Ball Rollout,,Stability ball,Targeted trunk anti-extension,bilateral,bodyweight,Kneel with forearms on ball; roll away while controlling lumbar position.,Abdominals,Abdominals,Abdominals=1,"Here trunk anti-extension is the intended, limiting resisted task, not incidental bracing in another lift. Full credit is a low-confidence isometric-to-dynamic accounting convention.",low,Abdominals=low,anatomy-trunk | core-emg,"Direct evidence for this exact setup is limited. Fractions are conservative bookkeeping estimates, not measured hypertrophy equivalence."
p5-cable-trunk-rotation,Cable Trunk Rotation,,Cable,Trunk rotation / lateral flexion,unilateral,external,"Pulley at chest height; controlled trunk rotation with pelvis mostly stable, arms guide handle.",Obliques,Obliques,Obliques=1,Resisted rotation or lateral flexion targets internal/external obliques; pelvic stability and arm movement alone do not qualify.,medium,Obliques=medium,anatomy-trunk,"Direct evidence for this exact setup is limited. Fractions are conservative bookkeeping estimates, not measured hypertrophy equivalence. Sets are per side: one prescribed set means one set on each side; do not double bilateral group volume."
p5-high-to-low-cable-woodchop,High-to-Low Cable Woodchop,,Cable,Trunk rotation / lateral flexion,unilateral,external,"High pulley, controlled diagonal trunk rotation/flexion; avoid arm-only pulling.",Obliques,Obliques,Obliques=1,Resisted rotation or lateral flexion targets internal/external obliques; pelvic stability and arm movement alone do not qualify.,medium,Obliques=medium,anatomy-trunk,"Direct evidence for this exact setup is limited. Fractions are conservative bookkeeping estimates, not measured hypertrophy equivalence. Sets are per side: one prescribed set means one set on each side; do not double bilateral group volume."
p5-low-to-high-cable-lift,Low-to-High Cable Lift,,Cable,Trunk rotation / lateral flexion,unilateral,external,"Low pulley, controlled upward diagonal trunk rotation; pelvis stays relatively stable.",Obliques,Obliques,Obliques=1,Resisted rotation or lateral flexion targets internal/external obliques; pelvic stability and arm movement alone do not qualify.,medium,Obliques=medium,anatomy-trunk,"Direct evidence for this exact setup is limited. Fractions are conservative bookkeeping estimates, not measured hypertrophy equivalence. Sets are per side: one prescribed set means one set on each side; do not double bilateral group volume."
p5-cable-side-bend,Cable Side Bend,,Cable,Trunk rotation / lateral flexion,unilateral,external,Low handle at side; bend trunk laterally through controlled comfortable ROM.,Obliques,Obliques,Obliques=1,Resisted rotation or lateral flexion targets internal/external obliques; pelvic stability and arm movement alone do not qualify.,medium,Obliques=medium,anatomy-trunk,"Direct evidence for this exact setup is limited. Fractions are conservative bookkeeping estimates, not measured hypertrophy equivalence. Sets are per side: one prescribed set means one set on each side; do not double bilateral group volume."
p5-dumbbell-side-bend,Dumbbell Side Bend,DB Side Bend,Dumbbell,Trunk rotation / lateral flexion,unilateral,external,"One bell at side, opposite hand unweighted; controlled lateral trunk flexion.",Obliques,Obliques,Obliques=1,Resisted rotation or lateral flexion targets internal/external obliques; pelvic stability and arm movement alone do not qualify.,medium,Obliques=medium,anatomy-trunk,"Direct evidence for this exact setup is limited. Fractions are conservative bookkeeping estimates, not measured hypertrophy equivalence. Sets are per side: one prescribed set means one set on each side; do not double bilateral group volume."
p5-side-crunch,Side Crunch,,Bodyweight,Trunk rotation / lateral flexion,unilateral,bodyweight,Lie partly on side; approximate lower ribs and pelvis through lateral flexion.,Obliques,Obliques,Obliques=1,Resisted rotation or lateral flexion targets internal/external obliques; pelvic stability and arm movement alone do not qualify.,medium,Obliques=medium,anatomy-trunk,"Direct evidence for this exact setup is limited. Fractions are conservative bookkeeping estimates, not measured hypertrophy equivalence. Sets are per side: one prescribed set means one set on each side; do not double bilateral group volume."
p5-bicycle-crunch,Bicycle Crunch,,Bodyweight,Trunk rotation / lateral flexion,alternating,bodyweight,Controlled trunk rotation and flexion toward opposite knee; no pulling on neck.,Obliques,Obliques,Obliques=1,Resisted rotation or lateral flexion targets internal/external obliques; pelvic stability and arm movement alone do not qualify.,medium,Obliques=medium,anatomy-trunk,"Direct evidence for this exact setup is limited. Fractions are conservative bookkeeping estimates, not measured hypertrophy equivalence. Sets are per side: one prescribed set means one set on each side; do not double bilateral group volume."
p5-seated-torso-rotation-machine,Seated Torso Rotation Machine,,Selectorized machine,Trunk rotation / lateral flexion,alternating,external,"Pelvis restrained, rotate trunk against pad/handles through controlled ROM.",Obliques,Obliques,Obliques=1,Resisted rotation or lateral flexion targets internal/external obliques; pelvic stability and arm movement alone do not qualify.,medium,Obliques=medium,anatomy-trunk,"Direct evidence for this exact setup is limited. Fractions are conservative bookkeeping estimates, not measured hypertrophy equivalence. Sets are per side: one prescribed set means one set on each side; do not double bilateral group volume."
p5-pallof-press,Pallof Press,Cable anti-rotation press,Cable,Targeted trunk anti-rotation / lateral hold,unilateral,external,"Pulley at chest height, stand sideways; press hands out while resisting rotation.",Obliques,Obliques,Obliques=1,"Resisting trunk rotation or lateral bending is the explicit limiting task. Count a deliberate working bout, not every breath, step or second.",low,Obliques=low,anatomy-trunk | core-emg,"Direct evidence for this exact setup is limited. Fractions are conservative bookkeeping estimates, not measured hypertrophy equivalence. Sets are per side: one prescribed set means one set on each side; do not double bilateral group volume."
p5-band-pallof-press,Band Pallof Press,,Resistance band,Targeted trunk anti-rotation / lateral hold,unilateral,external,Band anchored at chest height; stand sideways and resist rotation as arms extend.,Obliques,Obliques,Obliques=1,"Resisting trunk rotation or lateral bending is the explicit limiting task. Count a deliberate working bout, not every breath, step or second.",low,Obliques=low,anatomy-trunk | core-emg,"Direct evidence for this exact setup is limited. Fractions are conservative bookkeeping estimates, not measured hypertrophy equivalence. Sets are per side: one prescribed set means one set on each side; do not double bilateral group volume."
p5-side-plank,Side Plank,,Bodyweight,Targeted trunk anti-rotation / lateral hold,unilateral,bodyweight,Support on forearm and side of foot; resist lateral trunk flexion in deliberate working bout.,Obliques,Obliques,Obliques=1,"Resisting trunk rotation or lateral bending is the explicit limiting task. Count a deliberate working bout, not every breath, step or second.",low,Obliques=low,anatomy-trunk | core-emg,"Direct evidence for this exact setup is limited. Fractions are conservative bookkeeping estimates, not measured hypertrophy equivalence. Sets are per side: one prescribed set means one set on each side; do not double bilateral group volume."
p5-short-lever-side-plank,Short-Lever Side Plank,,Bodyweight,Targeted trunk anti-rotation / lateral hold,unilateral,bodyweight,"Knees bent and supported; forearm support, purposeful lateral hold.",Obliques,Obliques,Obliques=1,"Resisting trunk rotation or lateral bending is the explicit limiting task. Count a deliberate working bout, not every breath, step or second.",low,Obliques=low,anatomy-trunk | core-emg,"Direct evidence for this exact setup is limited. Fractions are conservative bookkeeping estimates, not measured hypertrophy equivalence. Sets are per side: one prescribed set means one set on each side; do not double bilateral group volume."
p5-harness-neck-extension,Harness Neck Extension,,Neck harness,Direct cervical resistance,bilateral,external,Load attached in front below head; extend neck slowly through comfortable ROM without moving trunk.,Neck muscles,Neck muscles,Neck muscles=1,"Direct resisted cervical motion trains the intended neck compartment; it does not imply equal flexor, extensor and lateral-flexor stimulation.",low,Neck muscles=low,anatomy-neck | neck,"Direct evidence for this exact setup is limited. Fractions are conservative bookkeeping estimates, not measured hypertrophy equivalence. Neck is a coarse group: alternate movement directions as needed; extension findings do not validate other directions. Use controlled resistance and comfortable ROM."
p5-machine-neck-extension,Machine Neck Extension,,Selectorized machine,Direct cervical resistance,bilateral,external,"Seated, pad behind head resists extension; torso supported.",Neck muscles,Neck muscles,Neck muscles=1,"Direct resisted cervical motion trains the intended neck compartment; it does not imply equal flexor, extensor and lateral-flexor stimulation.",low,Neck muscles=low,anatomy-neck | neck,"Direct evidence for this exact setup is limited. Fractions are conservative bookkeeping estimates, not measured hypertrophy equivalence. Neck is a coarse group: alternate movement directions as needed; extension findings do not validate other directions. Use controlled resistance and comfortable ROM."
p5-machine-neck-flexion,Machine Neck Flexion,,Selectorized machine,Direct cervical resistance,bilateral,external,"Forehead pad resists flexion; torso supported, avoid shoulder motion.",Neck muscles,Neck muscles,Neck muscles=1,"Direct resisted cervical motion trains the intended neck compartment; it does not imply equal flexor, extensor and lateral-flexor stimulation.",low,Neck muscles=low,anatomy-neck | neck,"Direct evidence for this exact setup is limited. Fractions are conservative bookkeeping estimates, not measured hypertrophy equivalence. Neck is a coarse group: alternate movement directions as needed; extension findings do not validate other directions. Use controlled resistance and comfortable ROM."
p5-machine-neck-lateral-flexion,Machine Neck Lateral Flexion,,Selectorized machine,Direct cervical resistance,unilateral,external,Side head pad resists lateral flexion; shoulders remain level.,Neck muscles,Neck muscles,Neck muscles=1,"Direct resisted cervical motion trains the intended neck compartment; it does not imply equal flexor, extensor and lateral-flexor stimulation.",low,Neck muscles=low,anatomy-neck | neck,"Direct evidence for this exact setup is limited. Fractions are conservative bookkeeping estimates, not measured hypertrophy equivalence. Neck is a coarse group: alternate movement directions as needed; extension findings do not validate other directions. Use controlled resistance and comfortable ROM. Sets are per side: one prescribed set means one set on each side; do not double bilateral group volume."
p5-band-neck-extension,Band Neck Extension,,Resistance band,Direct cervical resistance,bilateral,external,Band around rear of head anchored forward; controlled cervical extension.,Neck muscles,Neck muscles,Neck muscles=1,"Direct resisted cervical motion trains the intended neck compartment; it does not imply equal flexor, extensor and lateral-flexor stimulation.",low,Neck muscles=low,anatomy-neck | neck,"Direct evidence for this exact setup is limited. Fractions are conservative bookkeeping estimates, not measured hypertrophy equivalence. Neck is a coarse group: alternate movement directions as needed; extension findings do not validate other directions. Use controlled resistance and comfortable ROM."
p5-band-neck-flexion,Band Neck Flexion,,Resistance band,Direct cervical resistance,bilateral,external,Band across forehead anchored behind; controlled cervical flexion.,Neck muscles,Neck muscles,Neck muscles=1,"Direct resisted cervical motion trains the intended neck compartment; it does not imply equal flexor, extensor and lateral-flexor stimulation.",low,Neck muscles=low,anatomy-neck | neck,"Direct evidence for this exact setup is limited. Fractions are conservative bookkeeping estimates, not measured hypertrophy equivalence. Neck is a coarse group: alternate movement directions as needed; extension findings do not validate other directions. Use controlled resistance and comfortable ROM."
p5-band-neck-lateral-flexion,Band Neck Lateral Flexion,,Resistance band,Direct cervical resistance,unilateral,external,"Band against side of head, anchor opposite working direction; controlled lateral flexion.",Neck muscles,Neck muscles,Neck muscles=1,"Direct resisted cervical motion trains the intended neck compartment; it does not imply equal flexor, extensor and lateral-flexor stimulation.",low,Neck muscles=low,anatomy-neck | neck,"Direct evidence for this exact setup is limited. Fractions are conservative bookkeeping estimates, not measured hypertrophy equivalence. Neck is a coarse group: alternate movement directions as needed; extension findings do not validate other directions. Use controlled resistance and comfortable ROM. Sets are per side: one prescribed set means one set on each side; do not double bilateral group volume."
p5-manual-resistance-neck-flexion,Manual-Resistance Neck Flexion,,Manual resistance,Direct cervical resistance,bilateral,external,Hand provides gentle progressive resistance at forehead; controlled flexion through comfortable ROM.,Neck muscles,Neck muscles,Neck muscles=1,"Direct resisted cervical motion trains the intended neck compartment; it does not imply equal flexor, extensor and lateral-flexor stimulation.",low,Neck muscles=low,anatomy-neck | neck,"Direct evidence for this exact setup is limited. Fractions are conservative bookkeeping estimates, not measured hypertrophy equivalence. Neck is a coarse group: alternate movement directions as needed; extension findings do not validate other directions. Use controlled resistance and comfortable ROM."
p5-manual-resistance-neck-extension,Manual-Resistance Neck Extension,,Manual resistance,Direct cervical resistance,bilateral,external,Hand or partner provides controlled resistance behind head during extension.,Neck muscles,Neck muscles,Neck muscles=1,"Direct resisted cervical motion trains the intended neck compartment; it does not imply equal flexor, extensor and lateral-flexor stimulation.",low,Neck muscles=low,anatomy-neck | neck,"Direct evidence for this exact setup is limited. Fractions are conservative bookkeeping estimates, not measured hypertrophy equivalence. Neck is a coarse group: alternate movement directions as needed; extension findings do not validate other directions. Use controlled resistance and comfortable ROM."
p5-manual-resistance-neck-lateral-flexion,Manual-Resistance Neck Lateral Flexion,,Manual resistance,Direct cervical resistance,unilateral,external,Hand at side of head supplies controlled resistance; keep shoulders still.,Neck muscles,Neck muscles,Neck muscles=1,"Direct resisted cervical motion trains the intended neck compartment; it does not imply equal flexor, extensor and lateral-flexor stimulation.",low,Neck muscles=low,anatomy-neck | neck,"Direct evidence for this exact setup is limited. Fractions are conservative bookkeeping estimates, not measured hypertrophy equivalence. Neck is a coarse group: alternate movement directions as needed; extension findings do not validate other directions. Use controlled resistance and comfortable ROM. Sets are per side: one prescribed set means one set on each side; do not double bilateral group volume."
p5-seated-barbell-wrist-curl,Seated Barbell Wrist Curl,Seated BB Wrist Curl,Barbell,Wrist flexion,bilateral,external,"Forearms supported, palms up; move wrists rather than elbows.",Wrist flexors,Wrist flexors,Wrist flexors=1,Dynamic wrist flexion directly loads wrist flexors; this differs from finger gripping or elbow flexion.,medium,Wrist flexors=medium,anatomy-upper | wrist,"Direct evidence for this exact setup is limited. Fractions are conservative bookkeeping estimates, not measured hypertrophy equivalence."
p5-behind-back-barbell-wrist-curl,Behind-Back Barbell Wrist Curl,Behind-Back BB Wrist Curl,Barbell,Wrist flexion,bilateral,external,"Stand with bar behind hips, palms backward; flex wrists without elbow motion.",Wrist flexors,Wrist flexors,Wrist flexors=1,Dynamic wrist flexion directly loads wrist flexors; this differs from finger gripping or elbow flexion.,medium,Wrist flexors=medium,anatomy-upper | wrist,"Direct evidence for this exact setup is limited. Fractions are conservative bookkeeping estimates, not measured hypertrophy equivalence."
p5-supported-dumbbell-wrist-curl,Supported Dumbbell Wrist Curl,Supported DB Wrist Curl,Dumbbell,Wrist flexion,unilateral,external,"Forearm on bench, palm up; flex wrist through comfortable range.",Wrist flexors,Wrist flexors,Wrist flexors=1,Dynamic wrist flexion directly loads wrist flexors; this differs from finger gripping or elbow flexion.,medium,Wrist flexors=medium,anatomy-upper | wrist,"Direct evidence for this exact setup is limited. Fractions are conservative bookkeeping estimates, not measured hypertrophy equivalence. Sets are per side: one prescribed set means one set on each side; do not double bilateral group volume."
p5-supported-cable-wrist-curl,Supported Cable Wrist Curl,,Cable,Wrist flexion,unilateral,external,"Forearm supported, palm up; cable pulls against wrist flexion.",Wrist flexors,Wrist flexors,Wrist flexors=1,Dynamic wrist flexion directly loads wrist flexors; this differs from finger gripping or elbow flexion.,medium,Wrist flexors=medium,anatomy-upper | wrist,"Direct evidence for this exact setup is limited. Fractions are conservative bookkeeping estimates, not measured hypertrophy equivalence. Sets are per side: one prescribed set means one set on each side; do not double bilateral group volume."
p5-band-wrist-curl,Band Wrist Curl,,Resistance band,Wrist flexion,unilateral,external,Forearm supported and palm up; band pulls wrist toward extension.,Wrist flexors,Wrist flexors,Wrist flexors=1,Dynamic wrist flexion directly loads wrist flexors; this differs from finger gripping or elbow flexion.,medium,Wrist flexors=medium,anatomy-upper | wrist,"Direct evidence for this exact setup is limited. Fractions are conservative bookkeeping estimates, not measured hypertrophy equivalence. Sets are per side: one prescribed set means one set on each side; do not double bilateral group volume."
p5-seated-barbell-reverse-wrist-curl,Seated Barbell Reverse Wrist Curl,Seated BB Reverse Wrist Curl,Barbell,Wrist extension,bilateral,external,"Forearms supported, palms down; extend wrists without elbow motion.",Wrist extensors,Wrist extensors,Wrist extensors=1,Dynamic wrist extension directly loads wrist extensors; passive gripping does not receive the same credit.,medium,Wrist extensors=medium,anatomy-upper | wrist,"Direct evidence for this exact setup is limited. Fractions are conservative bookkeeping estimates, not measured hypertrophy equivalence."
p5-supported-dumbbell-wrist-extension,Supported Dumbbell Wrist Extension,Dumbbell reverse wrist curl | Supported DB Wrist Extension,Dumbbell,Wrist extension,unilateral,external,"Forearm on bench, palm down; lift back of hand.",Wrist extensors,Wrist extensors,Wrist extensors=1,Dynamic wrist extension directly loads wrist extensors; passive gripping does not receive the same credit.,medium,Wrist extensors=medium,anatomy-upper | wrist,"Direct evidence for this exact setup is limited. Fractions are conservative bookkeeping estimates, not measured hypertrophy equivalence. Sets are per side: one prescribed set means one set on each side; do not double bilateral group volume."
p5-supported-cable-wrist-extension,Supported Cable Wrist Extension,,Cable,Wrist extension,unilateral,external,Forearm supported palm down; cable resists wrist extension.,Wrist extensors,Wrist extensors,Wrist extensors=1,Dynamic wrist extension directly loads wrist extensors; passive gripping does not receive the same credit.,medium,Wrist extensors=medium,anatomy-upper | wrist,"Direct evidence for this exact setup is limited. Fractions are conservative bookkeeping estimates, not measured hypertrophy equivalence. Sets are per side: one prescribed set means one set on each side; do not double bilateral group volume."
p5-band-wrist-extension,Band Wrist Extension,,Resistance band,Wrist extension,unilateral,external,Forearm supported palm down; band pulls hand toward flexion.,Wrist extensors,Wrist extensors,Wrist extensors=1,Dynamic wrist extension directly loads wrist extensors; passive gripping does not receive the same credit.,medium,Wrist extensors=medium,anatomy-upper | wrist,"Direct evidence for this exact setup is limited. Fractions are conservative bookkeeping estimates, not measured hypertrophy equivalence. Sets are per side: one prescribed set means one set on each side; do not double bilateral group volume."
p5-wrist-roller-flexion-direction,Wrist Roller — Flexion Direction,,Wrist roller,Wrist flexion,bilateral,external,"Forearms supported where possible; roll load up using wrist flexion, reverse slowly.",Wrist flexors,Wrist flexors,Wrist flexors=1,Dynamic wrist flexion directly loads wrist flexors; this differs from finger gripping or elbow flexion.,medium,Wrist flexors=medium,anatomy-upper | wrist,"Direct evidence for this exact setup is limited. Fractions are conservative bookkeeping estimates, not measured hypertrophy equivalence."
p5-wrist-roller-extension-direction,Wrist Roller — Extension Direction,,Wrist roller,Wrist extension,bilateral,external,"Forearms supported where possible; roll load up using wrist extension, reverse slowly.",Wrist extensors,Wrist extensors,Wrist extensors=1,Dynamic wrist extension directly loads wrist extensors; passive gripping does not receive the same credit.,medium,Wrist extensors=medium,anatomy-upper | wrist,"Direct evidence for this exact setup is limited. Fractions are conservative bookkeeping estimates, not measured hypertrophy equivalence."
p5-power-clean,Power Clean,,Barbell,Weightlifting / ballistic compound,bilateral,external,"Pull bar from floor, explosive hip/knee extension, catch above parallel; reset each rep.",Glute max,Glute max | Quads | Upper Traps,Glute max=1 | Quads=0.5 | Upper Traps=0.25,"Hip extension drives the pull with knee extension and a brief active shrug. The mapping is a rough accounting placeholder for loaded working sets, not equivalent to hard hypertrophy sets.",low,Glute max=low | Quads=low | Upper Traps=low,anatomy-lower | anatomy-upper | olympic,"Direct evidence for this exact setup is limited. Fractions are conservative bookkeeping estimates, not measured hypertrophy equivalence. Technique practice, low-effort speed sets and conditioning bouts are not validated hypertrophy-equivalent sets; no beyond-failure work."
p5-hang-power-clean,Hang Power Clean,,Barbell,Weightlifting / ballistic compound,bilateral,external,Begin above knees in hang; extend hips/knees and catch above parallel.,Glute max,Glute max | Quads | Upper Traps,Glute max=1 | Quads=0.5 | Upper Traps=0.25,"Hip extension drives the pull with knee extension and a brief active shrug. The mapping is a rough accounting placeholder for loaded working sets, not equivalent to hard hypertrophy sets.",low,Glute max=low | Quads=low | Upper Traps=low,anatomy-lower | anatomy-upper | olympic,"Direct evidence for this exact setup is limited. Fractions are conservative bookkeeping estimates, not measured hypertrophy equivalence. Technique practice, low-effort speed sets and conditioning bouts are not validated hypertrophy-equivalent sets; no beyond-failure work."
p5-clean-pull,Clean Pull,,Barbell,Weightlifting / ballistic compound,bilateral,external,Clean-width grip from floor; extend hips/knees and shrug without catch.,Glute max,Glute max | Quads | Upper Traps,Glute max=1 | Quads=0.5 | Upper Traps=0.25,"Hip extension drives the pull with knee extension and a brief active shrug. The mapping is a rough accounting placeholder for loaded working sets, not equivalent to hard hypertrophy sets.",low,Glute max=low | Quads=low | Upper Traps=low,anatomy-lower | anatomy-upper | olympic,"Direct evidence for this exact setup is limited. Fractions are conservative bookkeeping estimates, not measured hypertrophy equivalence. Technique practice, low-effort speed sets and conditioning bouts are not validated hypertrophy-equivalent sets; no beyond-failure work."
p5-snatch-pull,Snatch Pull,,Barbell,Weightlifting / ballistic compound,bilateral,external,"Wide snatch grip from floor; coordinated extension and shrug, no catch.",Glute max,Glute max | Quads | Upper Traps,Glute max=1 | Quads=0.5 | Upper Traps=0.25,"Hip extension drives the pull with knee extension and a brief active shrug. The mapping is a rough accounting placeholder for loaded working sets, not equivalent to hard hypertrophy sets.",low,Glute max=low | Quads=low | Upper Traps=low,anatomy-lower | anatomy-upper | olympic,"Direct evidence for this exact setup is limited. Fractions are conservative bookkeeping estimates, not measured hypertrophy equivalence. Technique practice, low-effort speed sets and conditioning bouts are not validated hypertrophy-equivalent sets; no beyond-failure work."
p5-hang-high-pull,Hang High Pull,,Barbell,Weightlifting / ballistic compound,bilateral,external,Begin above knees; explosive extension with brief shrug and high elbows; no catch.,Glute max,Glute max | Quads | Upper Traps,Glute max=1 | Quads=0.5 | Upper Traps=0.25,"Hip extension drives the pull with knee extension and a brief active shrug. The mapping is a rough accounting placeholder for loaded working sets, not equivalent to hard hypertrophy sets.",low,Glute max=low | Quads=low | Upper Traps=low,anatomy-lower | anatomy-upper | olympic,"Direct evidence for this exact setup is limited. Fractions are conservative bookkeeping estimates, not measured hypertrophy equivalence. Technique practice, low-effort speed sets and conditioning bouts are not validated hypertrophy-equivalent sets; no beyond-failure work."
p5-power-snatch,Power Snatch,,Barbell,Weightlifting / ballistic compound,bilateral,external,"Wide grip from floor; catch overhead above parallel, controlled reset.",Glute max,Glute max | Quads | Upper Traps,Glute max=1 | Quads=0.5 | Upper Traps=0.25,"Hip extension drives the pull with knee extension and a brief active shrug. The mapping is a rough accounting placeholder for loaded working sets, not equivalent to hard hypertrophy sets.",low,Glute max=low | Quads=low | Upper Traps=low,anatomy-lower | anatomy-upper | olympic,"Direct evidence for this exact setup is limited. Fractions are conservative bookkeeping estimates, not measured hypertrophy equivalence. Technique practice, low-effort speed sets and conditioning bouts are not validated hypertrophy-equivalent sets; no beyond-failure work."
p5-barbell-push-press,Barbell Push Press,BB Push Press,Barbell,Weightlifting / ballistic compound,bilateral,external,Dip knees then drive bar overhead; leg drive differentiates it from strict press.,Anterior Delts,Anterior Delts | Triceps | Quads,Anterior Delts=1 | Triceps=0.5 | Quads=0.25,Leg drive assists overhead shoulder elevation and elbow extension; deltoid is designated primary. Power sets do not have validated hypertrophy set equivalence.,low,Anterior Delts=low | Triceps=low | Quads=low,anatomy-lower | anatomy-upper | olympic,"Direct evidence for this exact setup is limited. Fractions are conservative bookkeeping estimates, not measured hypertrophy equivalence. Technique practice, low-effort speed sets and conditioning bouts are not validated hypertrophy-equivalent sets; no beyond-failure work."
p5-two-hand-kettlebell-swing,Two-Hand Kettlebell Swing,Russian kettlebell swing | Two-Hand KB Swing,Kettlebell,Ballistic hip hinge,bilateral,external,"Hip-driven hinge swing to chest height; arms remain relaxed, no squat-and-front-raise.",Glute max,Glute max | Hamstrings,Glute max=1 | Hamstrings=0.5,"Ballistic hip extension drives the bell; arms guide rather than lift. Hip extensors receive conservative credit; grip, abs and back stabilization are omitted.",low,Glute max=low | Hamstrings=low,anatomy-lower | olympic,"Direct evidence for this exact setup is limited. Fractions are conservative bookkeeping estimates, not measured hypertrophy equivalence. Technique practice, low-effort speed sets and conditioning bouts are not validated hypertrophy-equivalent sets; no beyond-failure work."
p5-one-hand-kettlebell-swing,One-Hand Kettlebell Swing,One-Hand KB Swing,Kettlebell,Ballistic hip hinge,unilateral,external,One hand holds bell; hip-driven swing to chest height without torso rotation.,Glute max,Glute max | Hamstrings,Glute max=1 | Hamstrings=0.5,"Ballistic hip extension drives the bell; arms guide rather than lift. Hip extensors receive conservative credit; grip, abs and back stabilization are omitted.",low,Glute max=low | Hamstrings=low,anatomy-lower | olympic,"Direct evidence for this exact setup is limited. Fractions are conservative bookkeeping estimates, not measured hypertrophy equivalence. Technique practice, low-effort speed sets and conditioning bouts are not validated hypertrophy-equivalent sets; no beyond-failure work. Sets are per side: one prescribed set means one set on each side; do not double bilateral group volume."
p5-kettlebell-clean,Kettlebell Clean,KB Clean,Kettlebell,Weightlifting / ballistic compound,unilateral,external,"Hip-driven pull into rack; one hand guides bell, no reverse-curl motion.",Glute max,Glute max | Quads | Upper Traps,Glute max=1 | Quads=0.5 | Upper Traps=0.25,"Hip extension drives the pull with knee extension and a brief active shrug. The mapping is a rough accounting placeholder for loaded working sets, not equivalent to hard hypertrophy sets.",low,Glute max=low | Quads=low | Upper Traps=low,anatomy-lower | anatomy-upper | olympic,"Direct evidence for this exact setup is limited. Fractions are conservative bookkeeping estimates, not measured hypertrophy equivalence. Sets are per side: one prescribed set means one set on each side; do not double bilateral group volume. Technique practice, low-effort speed sets and conditioning bouts are not validated hypertrophy-equivalent sets; no beyond-failure work."
p5-kettlebell-snatch,Kettlebell Snatch,KB Snatch,Kettlebell,Weightlifting / ballistic compound,unilateral,external,"Hip-driven pull to overhead fixation; controlled bell path, avoid arm-dominant lifting.",Glute max,Glute max | Quads | Upper Traps,Glute max=1 | Quads=0.5 | Upper Traps=0.25,"Hip extension drives the pull with knee extension and a brief active shrug. The mapping is a rough accounting placeholder for loaded working sets, not equivalent to hard hypertrophy sets.",low,Glute max=low | Quads=low | Upper Traps=low,anatomy-lower | anatomy-upper | olympic,"Direct evidence for this exact setup is limited. Fractions are conservative bookkeeping estimates, not measured hypertrophy equivalence. Sets are per side: one prescribed set means one set on each side; do not double bilateral group volume. Technique practice, low-effort speed sets and conditioning bouts are not validated hypertrophy-equivalent sets; no beyond-failure work."
